Sender,Ngram,Count
Bad Boy,('≡ƒæì', 'alright', 'geezer'),1
Bad Boy,('alright', 'geezer', '?'),1
Bad Boy,('geezer', '?', 'I'),1
Bad Boy,('?', 'I', 'want'),1
Bad Boy,('I', 'want', 'to'),1
Bad Boy,('want', 'to', 'trade'),1
Bad Boy,('to', 'trade', '.'),1
Bad Boy,('trade', '.', 'The'),1
Bad Boy,('.', 'The', 'boys'),1
Bad Boy,('The', 'boys', 'let'),1
Bad Boy,('boys', 'let', 'me'),1
Bad Boy,('let', 'me', 'know'),1
Bad Boy,('me', 'know', 'you'),1
Bad Boy,('know', 'you', 'deal'),1
Bad Boy,('you', 'deal', 'in'),1
Bad Boy,('deal', 'in', 'cheap'),1
Bad Boy,('in', 'cheap', 'gear'),1
Bad Boy,('cheap', 'gear', 'and'),1
Bad Boy,('gear', 'and', 'occasionally'),1
Bad Boy,('and', 'occasionally', 'I'),1
Bad Boy,('occasionally', 'I', 'get'),1
Bad Boy,('I', 'get', 'some'),1
Bad Boy,('get', 'some', 'to'),1
Bad Boy,('some', 'to', 'sell'),1
Bad Boy,('to', 'sell', 'and'),1
Bad Boy,('sell', 'and', 'every'),1
Bad Boy,('and', 'every', 'now'),1
Bad Boy,('every', 'now', 'and'),1
Bad Boy,('now', 'and', 'then'),1
Bad Boy,('and', 'then', 'I'),1
Bad Boy,('then', 'I', 'need'),1
Bad Boy,('I', 'need', 'to'),2
Bad Boy,('need', 'to', 'buy'),1
Bad Boy,('to', 'buy', '...'),1
Bad Boy,('buy', '...', 'Yer'),1
Bad Boy,('...', 'Yer', 'I'),1
Bad Boy,('Yer', 'I', 'know'),1
Bad Boy,('I', 'know', ','),1
Bad Boy,('know', ',', 'listen'),1
Bad Boy,(',', 'listen', 'I'),1
Bad Boy,('listen', 'I', "'m"),1
Bad Boy,('I', "'m", 'sorry'),1
Bad Boy,("'m", 'sorry', 'man'),1
Bad Boy,('sorry', 'man', 'but'),1
Bad Boy,('man', 'but', 'learnt'),1
Bad Boy,('but', 'learnt', 'my'),1
Bad Boy,('learnt', 'my', 'lesson'),1
Bad Boy,('my', 'lesson', '.'),1
Bad Boy,('lesson', '.', 'It'),1
Bad Boy,('.', 'It', 'wo'),1
Bad Boy,('It', 'wo', "n't"),1
Bad Boy,('wo', "n't", 'happen'),1
Bad Boy,("n't", 'happen', 'again'),1
Bad Boy,('happen', 'again', 'I'),1
Bad Boy,('again', 'I', 'promise'),1
Bad Boy,('I', 'promise', '.'),1
Bad Boy,('promise', '.', 'This'),1
Bad Boy,('.', 'This', 'time'),1
Bad Boy,('This', 'time', 'it'),1
Bad Boy,('time', 'it', 'will'),1
Bad Boy,('it', 'will', 'be'),1
Bad Boy,('will', 'be', 'different'),1
Bad Boy,('be', 'different', '..'),1
Bad Boy,('different', '..', 'Seriously'),1
Bad Boy,('..', 'Seriously', 'you'),1
Bad Boy,('Seriously', 'you', 'can'),1
Bad Boy,('you', 'can', 'trust'),1
Bad Boy,('can', 'trust', 'me'),1
Bad Boy,('trust', 'me', '.'),1
Bad Boy,('me', '.', 'I'),2
Bad Boy,('.', 'I', 'wo'),1
Bad Boy,('I', 'wo', "n't"),1
Bad Boy,('wo', "n't", 'make'),1
Bad Boy,("n't", 'make', 'the'),1
Bad Boy,('make', 'the', 'same'),1
Bad Boy,('the', 'same', 'mistake'),1
Bad Boy,('same', 'mistake', 'twice'),1
Bad Boy,('mistake', 'twice', '.'),1
Bad Boy,('twice', '.', 'I'),1
Bad Boy,('.', 'I', 'will'),2
Bad Boy,('I', 'will', 'pay'),1
Bad Boy,('will', 'pay', 'on'),1
Bad Boy,('pay', 'on', 'time'),1
Bad Boy,('on', 'time', 'and'),1
Bad Boy,('time', 'and', 'keep'),1
Bad Boy,('and', 'keep', 'your'),1
Bad Boy,('keep', 'your', 'secrets'),1
Bad Boy,('your', 'secrets', '.'),1
Bad Boy,('secrets', '.', 'In'),1
Bad Boy,('.', 'In', 'my'),1
Bad Boy,('In', 'my', 'honor'),1
Bad Boy,('my', 'honor', 'Ok'),1
Bad Boy,('honor', 'Ok', 'I'),1
Bad Boy,('Ok', 'I', 'understand'),1
Bad Boy,('I', 'understand', ','),1
Bad Boy,('understand', ',', 'thanks'),1
Bad Boy,(',', 'thanks', '.'),1
Bad Boy,('thanks', '.', 'Did'),1
Bad Boy,('.', 'Did', 'he'),1
Bad Boy,('Did', 'he', 'say'),1
Bad Boy,('he', 'say', 'yes'),1
Bad Boy,('say', 'yes', '?'),1
Bad Boy,('yes', '?', 'nan'),1
Bad Boy,('?', 'nan', 'Yes'),1
Bad Boy,('nan', 'Yes', 'ok'),1
Bad Boy,('Yes', 'ok', 'thanks'),1
Bad Boy,('ok', 'thanks', 'man'),1
Bad Boy,('thanks', 'man', '.'),1
Bad Boy,('man', '.', 'You'),1
Bad Boy,('.', 'You', 'wo'),1
Bad Boy,('You', 'wo', "n't"),1
Bad Boy,('wo', "n't", 'regret'),1
Bad Boy,("n't", 'regret', 'it'),1
Bad Boy,('regret', 'it', '..'),1
Bad Boy,('it', '..', 'Ok'),1
Bad Boy,('..', 'Ok', 'boss'),1
Bad Boy,('Ok', 'boss', 'will'),1
Bad Boy,('boss', 'will', 'do'),1
Bad Boy,('will', 'do', '...'),1
Bad Boy,('do', '...', 'I'),1
Bad Boy,('...', 'I', 'heard'),1
Bad Boy,('I', 'heard', 'these'),1
Bad Boy,('heard', 'these', 'apartments'),1
Bad Boy,('these', 'apartments', 'are'),1
Bad Boy,('apartments', 'are', 'super'),1
Bad Boy,('are', 'super', 'expensive'),1
Bad Boy,('super', 'expensive', '?'),1
Bad Boy,('expensive', '?', 'https'),1
Bad Boy,('?', 'https', ':'),1
Bad Boy,('https', ':', '//images.app.goo.gl/W8yKUaPs697HTjms6'),1
Bad Boy,(':', '//images.app.goo.gl/W8yKUaPs697HTjms6', 'nan'),1
Bad Boy,('//images.app.goo.gl/W8yKUaPs697HTjms6', 'nan', 'How'),1
Bad Boy,('nan', 'How', 'about'),1
Bad Boy,('How', 'about', 'this'),1
Bad Boy,('about', 'this', '?'),1
Bad Boy,('this', '?', '9000kr'),1
Bad Boy,('?', '9000kr', 'should'),1
Bad Boy,('9000kr', 'should', 'be'),1
Bad Boy,('should', 'be', 'enough'),1
Bad Boy,('be', 'enough', 'to'),1
Bad Boy,('enough', 'to', 'let'),1
Bad Boy,('to', 'let', 'this'),1
Bad Boy,('let', 'this', 'little'),1
Bad Boy,('this', 'little', 'lot'),1
Bad Boy,('little', 'lot', 'go'),1
Bad Boy,('lot', 'go', 'to'),1
Bad Boy,('go', 'to', 'you'),1
Bad Boy,('to', 'you', 'my'),2
Bad Boy,('you', 'my', 'friend'),1
Bad Boy,('my', 'friend', 'Ok'),1
Bad Boy,('friend', 'Ok', 'let'),1
Bad Boy,('Ok', 'let', "'s"),1
Bad Boy,('let', "'s", 'meet'),1
Bad Boy,("'s", 'meet', 'up'),1
Bad Boy,('meet', 'up', 'today'),1
Bad Boy,('up', 'today', 'for'),1
Bad Boy,('today', 'for', 'the'),1
Bad Boy,('for', 'the', 'exchange'),1
Bad Boy,('the', 'exchange', '.'),1
Bad Boy,('exchange', '.', 'I'),1
Bad Boy,('.', 'I', 'bring'),1
Bad Boy,('I', 'bring', 'the'),1
Bad Boy,('bring', 'the', 'gear'),1
Bad Boy,('the', 'gear', 'and'),1
Bad Boy,('gear', 'and', 'you'),1
Bad Boy,('and', 'you', 'bring'),2
Bad Boy,('you', 'bring', 'the'),2
Bad Boy,('bring', 'the', 'cash'),1
Bad Boy,('the', 'cash', '.'),2
Bad Boy,('cash', '.', 'Next'),1
Bad Boy,('.', 'Next', '30'),1
Bad Boy,('Next', '30', 'mins'),1
Bad Boy,('30', 'mins', '?'),1
Bad Boy,('mins', '?', '?'),1
Bad Boy,('?', '?', '?'),6
Bad Boy,('?', '?', 'Ok'),2
Bad Boy,('?', 'Ok', 'and'),1
Bad Boy,('Ok', 'and', 'you'),1
Bad Boy,('bring', 'the', 'money'),1
Bad Boy,('the', 'money', '.'),1
Bad Boy,('money', '.', 'By'),1
Bad Boy,('.', 'By', 'the'),1
Bad Boy,('By', 'the', 'way'),1
Bad Boy,('the', 'way', 'stop'),1
Bad Boy,('way', 'stop', 'calling'),1
Bad Boy,('stop', 'calling', 'me'),1
Bad Boy,('calling', 'me', "'shortly"),1
Bad Boy,('me', "'shortly", "'"),1
Bad Boy,("'shortly", "'", 'Pleasure'),1
Bad Boy,("'", 'Pleasure', 'doing'),1
Bad Boy,('Pleasure', 'doing', 'business'),2
Bad Boy,('doing', 'business', 'with'),2
Bad Boy,('business', 'with', 'you'),2
Bad Boy,('with', 'you', '...'),1
Bad Boy,('you', '...', 'One'),1
Bad Boy,('...', 'One', 'good'),1
Bad Boy,('One', 'good', 'deal'),1
Bad Boy,('good', 'deal', ','),1
Bad Boy,('deal', ',', 'deserves'),1
Bad Boy,(',', 'deserves', 'another'),1
Bad Boy,('deserves', 'another', '..'),1
Bad Boy,('another', '..', 'So'),1
Bad Boy,('..', 'So', 'how'),1
Bad Boy,('So', 'how', 'about'),1
Bad Boy,('how', 'about', 'a'),1
Bad Boy,('about', 'a', 'drugs'),1
Bad Boy,('a', 'drugs', 'trade'),1
Bad Boy,('drugs', 'trade', '?'),1
Bad Boy,('trade', '?', 'Well'),1
Bad Boy,('?', 'Well', 'how'),1
Bad Boy,('Well', 'how', 'convenient'),1
Bad Boy,('how', 'convenient', '?'),1
Bad Boy,('convenient', '?', '\\nSo'),1
Bad Boy,('?', '\\nSo', 'what'),1
Bad Boy,('\\nSo', 'what', "'s"),1
Bad Boy,('what', "'s", 'the'),2
Bad Boy,("'s", 'the', 'price'),1
Bad Boy,('the', 'price', 'of'),1
Bad Boy,('price', 'of', 'that'),1
Bad Boy,('of', 'that', 'then'),1
Bad Boy,('that', 'then', '?'),1
Bad Boy,('then', '?', '≡ƒñ¼'),1
Bad Boy,('?', '≡ƒñ¼', 'fuck'),1
Bad Boy,('≡ƒñ¼', 'fuck', 'that'),1
Bad Boy,('fuck', 'that', "'s"),1
Bad Boy,('that', "'s", 'expensive'),1
Bad Boy,("'s", 'expensive', 'Ok'),1
Bad Boy,('expensive', 'Ok', 'I'),1
Bad Boy,('Ok', 'I', 'need'),1
Bad Boy,('I', 'need', 'time'),1
Bad Boy,('need', 'time', 'to'),1
Bad Boy,('time', 'to', 'find'),1
Bad Boy,('to', 'find', 'the'),1
Bad Boy,('find', 'the', 'cash'),1
Bad Boy,('the', 'cash', 'Ok'),1
Bad Boy,('cash', 'Ok', 'I'),1
Bad Boy,('Ok', 'I', 'can'),1
Bad Boy,('I', 'can', 'get'),1
Bad Boy,('can', 'get', 'the'),1
Bad Boy,('get', 'the', 'cash'),1
Bad Boy,('cash', '.', 'Just'),1
Bad Boy,('.', 'Just', 'need'),1
Bad Boy,('Just', 'need', '48hrs'),1
Bad Boy,('need', '48hrs', '.'),1
Bad Boy,('48hrs', '.', 'When'),1
Bad Boy,('.', 'When', 'can'),1
Bad Boy,('When', 'can', 'we'),1
Bad Boy,('can', 'we', 'trade'),1
Bad Boy,('we', 'trade', '?'),1
Bad Boy,('trade', '?', 'You'),1
Bad Boy,('?', 'You', 'ready'),1
Bad Boy,('You', 'ready', 'for'),1
Bad Boy,('ready', 'for', 'an'),1
Bad Boy,('for', 'an', 'exchange'),2
Bad Boy,('an', 'exchange', '?'),1
Bad Boy,('exchange', '?', 'Yes'),1
Bad Boy,('?', 'Yes', 'let'),1
Bad Boy,('Yes', 'let', "'s"),1
Bad Boy,('let', "'s", 'do'),1
Bad Boy,("'s", 'do', 'this'),1
Bad Boy,('do', 'this', '.'),1
Bad Boy,('this', '.', 'nan'),1
Bad Boy,('.', 'nan', 'Meet'),1
Bad Boy,('nan', 'Meet', 'me'),1
Bad Boy,('Meet', 'me', 'here'),1
Bad Boy,('me', 'here', 'in'),1
Bad Boy,('here', 'in', '30'),1
Bad Boy,('in', '30', 'mins'),1
Bad Boy,('30', 'mins', 'You'),1
Bad Boy,('mins', 'You', 'there'),1
Bad Boy,('You', 'there', 'yet'),1
Bad Boy,('there', 'yet', '.'),1
Bad Boy,('yet', '.', 'Getting'),1
Bad Boy,('.', 'Getting', 'nervous'),1
Bad Boy,('Getting', 'nervous', 'carrying'),1
Bad Boy,('nervous', 'carrying', 'this'),1
Bad Boy,('carrying', 'this', 'much'),1
Bad Boy,('this', 'much', 'cash'),1
Bad Boy,('much', 'cash', '..'),1
Bad Boy,('cash', '..', 'Yes'),1
Bad Boy,('..', 'Yes', 'ok'),1
Bad Boy,('Yes', 'ok', 'I'),2
Bad Boy,('ok', 'I', 'around'),1
Bad Boy,('I', 'around', 'the'),1
Bad Boy,('around', 'the', 'back'),1
Bad Boy,('the', 'back', 'of'),1
Bad Boy,('back', 'of', 'the'),1
Bad Boy,('of', 'the', 'shop'),1
Bad Boy,('the', 'shop', '...'),1
Bad Boy,('shop', '...', 'Black'),1
Bad Boy,('...', 'Black', 'BMW'),1
Bad Boy,('Black', 'BMW', 'nan'),1
Bad Boy,('BMW', 'nan', 'Here'),1
Bad Boy,('nan', 'Here', 'Glad'),1
Bad Boy,('Here', 'Glad', 'we'),1
Bad Boy,('Glad', 'we', 'can'),1
Bad Boy,('we', 'can', 'work'),1
Bad Boy,('can', 'work', 'together'),1
Bad Boy,('work', 'together', 'again'),1
Bad Boy,('together', 'again', '.'),1
Bad Boy,('again', '.', 'I'),1
Bad Boy,('.', 'I', "'ll"),1
Bad Boy,('I', "'ll", 'be'),1
Bad Boy,("'ll", 'be', 'back'),1
Bad Boy,('be', 'back', 'for'),1
Bad Boy,('back', 'for', 'more'),1
Bad Boy,('for', 'more', 'in'),1
Bad Boy,('more', 'in', 'due'),1
Bad Boy,('in', 'due', 'coursem'),1
Bad Boy,('due', 'coursem', 'Business'),1
Bad Boy,('coursem', 'Business', 'is'),1
Bad Boy,('Business', 'is', 'booming'),1
Bad Boy,('is', 'booming', '.'),1
Bad Boy,('booming', '.', 'Going'),1
Bad Boy,('.', 'Going', 'to'),1
Bad Boy,('Going', 'to', 'need'),1
Bad Boy,('to', 'need', 'another'),1
Bad Boy,('need', 'another', 'delivery'),1
Bad Boy,('another', 'delivery', 'in'),1
Bad Boy,('delivery', 'in', '2'),1
Bad Boy,('in', '2', 'weeks'),1
Bad Boy,('2', 'weeks', '.'),1
Bad Boy,('weeks', '.', 'Can'),1
Bad Boy,('.', 'Can', 'you'),1
Bad Boy,('Can', 'you', 'deliver'),1
Bad Boy,('you', 'deliver', '?'),1
Bad Boy,('deliver', '?', 'Make'),1
Bad Boy,('?', 'Make', 'it'),1
Bad Boy,('Make', 'it', 'a'),1
Bad Boy,('it', 'a', 'week'),1
Bad Boy,('a', 'week', '.'),1
Bad Boy,('week', '.', 'This'),1
Bad Boy,('.', 'This', 'stuff'),1
Bad Boy,('This', 'stuff', 'is'),1
Bad Boy,('stuff', 'is', 'selling'),1
Bad Boy,('is', 'selling', 'so'),1
Bad Boy,('selling', 'so', 'fast'),1
Bad Boy,('so', 'fast', 'I'),1
Bad Boy,('fast', 'I', 'ca'),1
Bad Boy,('I', 'ca', "n't"),1
Bad Boy,('ca', "n't", 'keep'),1
Bad Boy,("n't", 'keep', 'up'),1
Bad Boy,('keep', 'up', '.'),1
Bad Boy,('up', '.', 'Need'),1
Bad Boy,('.', 'Need', 'new'),1
Bad Boy,('Need', 'new', 'packages'),1
Bad Boy,('new', 'packages', 'asap'),1
Bad Boy,('packages', 'asap', 'No'),1
Bad Boy,('asap', 'No', 'man'),1
Bad Boy,('No', 'man', '..'),1
Bad Boy,('man', '..', 'stop'),1
Bad Boy,('..', 'stop', 'being'),1
Bad Boy,('stop', 'being', 'so'),1
Bad Boy,('being', 'so', 'paranoid'),1
Bad Boy,('so', 'paranoid', 'Yer'),1
Bad Boy,('paranoid', 'Yer', 'man'),1
Bad Boy,('Yer', 'man', '.'),1
Bad Boy,('man', '.', 'Which'),1
Bad Boy,('.', 'Which', 'bit'),1
Bad Boy,('Which', 'bit', 'of'),1
Bad Boy,('bit', 'of', 'that'),1
Bad Boy,('of', 'that', 'last'),1
Bad Boy,('that', 'last', 'message'),1
Bad Boy,('last', 'message', 'did'),1
Bad Boy,('message', 'did', "n't"),1
Bad Boy,('did', "n't", 'you'),1
Bad Boy,("n't", 'you', 'understand'),1
Bad Boy,('you', 'understand', '?'),1
Bad Boy,('understand', '?', 'I'),1
Bad Boy,('?', 'I', 'can'),2
Bad Boy,('I', 'can', 'sell'),1
Bad Boy,('can', 'sell', 'this'),1
Bad Boy,('sell', 'this', 'shit'),1
Bad Boy,('this', 'shit', 'all'),1
Bad Boy,('shit', 'all', 'day'),1
Bad Boy,('all', 'day', 'long'),1
Bad Boy,('day', 'long', '.'),1
Bad Boy,('long', '.', 'I'),1
Bad Boy,('.', 'I', 'am'),1
Bad Boy,('I', 'am', 'raking'),1
Bad Boy,('am', 'raking', 'in'),1
Bad Boy,('raking', 'in', 'cash'),1
Bad Boy,('in', 'cash', '...'),1
Bad Boy,('cash', '...', 'Give'),1
Bad Boy,('...', 'Give', 'me'),1
Bad Boy,('Give', 'me', 'a'),1
Bad Boy,('me', 'a', 'delivery'),1
Bad Boy,('a', 'delivery', 'date'),1
Bad Boy,('delivery', 'date', 'please'),1
Bad Boy,('date', 'please', '!'),1
Bad Boy,('please', '!', 'nan'),1
Bad Boy,('!', 'nan', 'I'),1
Bad Boy,('nan', 'I', 'need'),1
Bad Boy,('I', 'need', 'more'),1
Bad Boy,('need', 'more', 'white'),1
Bad Boy,('more', 'white', 'lines'),1
Bad Boy,('white', 'lines', ','),1
Bad Boy,('lines', ',', 'this'),1
Bad Boy,(',', 'this', 'big'),1
Bad Boy,('this', 'big', '!'),1
Bad Boy,('big', '!', 'Yes'),1
Bad Boy,('!', 'Yes', 'yes'),1
Bad Boy,('Yes', 'yes', 'yes'),1
Bad Boy,('yes', 'yes', 'How'),1
Bad Boy,('yes', 'How', 'much'),1
Bad Boy,('How', 'much', 'Yes'),1
Bad Boy,('much', 'Yes', 'deal'),1
Bad Boy,('Yes', 'deal', '.'),1
Bad Boy,('deal', '.', 'I'),2
Bad Boy,('.', 'I', 'get'),1
Bad Boy,('I', 'get', 'cash'),1
Bad Boy,('get', 'cash', 'in'),1
Bad Boy,('cash', 'in', '24hrs'),1
Bad Boy,('in', '24hrs', '.'),1
Bad Boy,('24hrs', '.', 'Can'),1
Bad Boy,('.', 'Can', 'we'),1
Bad Boy,('Can', 'we', 'meet'),1
Bad Boy,('we', 'meet', 'tomorrow'),1
Bad Boy,('meet', 'tomorrow', 'at'),1
Bad Boy,('tomorrow', 'at', 'location'),1
Bad Boy,('at', 'location', 'you'),1
Bad Boy,('location', 'you', 'choose'),1
Bad Boy,('you', 'choose', '?'),1
Bad Boy,('choose', '?', '?'),1
Bad Boy,('?', 'Ok', '1830hrs'),1
Bad Boy,('Ok', '1830hrs', 'ish'),1
Bad Boy,('1830hrs', 'ish', '@'),1
Bad Boy,('ish', '@', 'Barkaby'),1
Bad Boy,('@', 'Barkaby', 'Coop'),1
Bad Boy,('Barkaby', 'Coop', 'tomorrow'),1
Bad Boy,('Coop', 'tomorrow', 'night'),1
Bad Boy,('tomorrow', 'night', '.'),1
Bad Boy,('night', '.', 'The'),1
Bad Boy,('.', 'The', 'one'),1
Bad Boy,('The', 'one', 'by'),1
Bad Boy,('one', 'by', 'the'),1
Bad Boy,('by', 'the', 'train'),1
Bad Boy,('the', 'train', 'station'),1
Bad Boy,('train', 'station', '.'),1
Bad Boy,('station', '.', 'Is'),1
Bad Boy,('.', 'Is', 'that'),1
Bad Boy,('Is', 'that', 'the'),1
Bad Boy,('that', 'the', 'one'),1
Bad Boy,('the', 'one', 'at'),1
Bad Boy,('one', 'at', 'Jaktplan'),1
Bad Boy,('at', 'Jaktplan', '1'),1
Bad Boy,('Jaktplan', '1', '?'),1
Bad Boy,('1', '?', 'Ok'),1
Bad Boy,('?', 'Ok', 'are'),1
Bad Boy,('Ok', 'are', 'we'),1
Bad Boy,('are', 'we', 'still'),1
Bad Boy,('we', 'still', 'up'),1
Bad Boy,('still', 'up', 'for'),1
Bad Boy,('up', 'for', 'an'),1
Bad Boy,('an', 'exchange', 'this'),1
Bad Boy,('exchange', 'this', 'evening'),1
Bad Boy,('this', 'evening', '?'),1
Bad Boy,('evening', '?', '?'),1
Bad Boy,('?', '?', 'Yes'),1
Bad Boy,('?', 'Yes', 'obviously'),1
Bad Boy,('Yes', 'obviously', '.'),1
Bad Boy,('obviously', '.', '15,000kr'),1
Bad Boy,('.', '15,000kr', 'is'),1
Bad Boy,('15,000kr', 'is', 'the'),1
Bad Boy,('is', 'the', 'deal'),1
Bad Boy,('the', 'deal', '.'),1
Bad Boy,('I', 'will', 'be'),1
Bad Boy,('will', 'be', 'there'),1
Bad Boy,('be', 'there', '.'),1
Bad Boy,('there', '.', 'nan'),1
Bad Boy,('.', 'nan', 'Ok'),1
Bad Boy,('nan', 'Ok', '....'),1
Bad Boy,('Ok', '....', 'get'),1
Bad Boy,('....', 'get', 'there'),1
Bad Boy,('get', 'there', 'when'),1
Bad Boy,('there', 'when', 'I'),1
Bad Boy,('when', 'I', 'can'),1
Bad Boy,('I', 'can', '.'),1
Bad Boy,('can', '.', 'I'),1
Bad Boy,('.', 'I', 'come'),1
Bad Boy,('I', 'come', 'alone'),1
Bad Boy,('come', 'alone', 'by'),1
Bad Boy,('alone', 'by', 'train'),1
Bad Boy,('by', 'train', '..'),1
Bad Boy,('train', '..', 'Be'),1
Bad Boy,('..', 'Be', 'there'),1
Bad Boy,('Be', 'there', 'soon'),1
Bad Boy,('there', 'soon', 'man'),1
Bad Boy,('soon', 'man', '.'),1
Bad Boy,('man', '.', 'U'),1
Bad Boy,('.', 'U', 'got'),1
Bad Boy,('U', 'got', 'the'),1
Bad Boy,('got', 'the', 'gear'),1
Bad Boy,('the', 'gear', '?'),1
Bad Boy,('gear', '?', '?'),2
Bad Boy,('?', '?', 'Yep'),1
Bad Boy,('?', 'Yep', 'coming'),1
Bad Boy,('Yep', 'coming', 'now'),1
Bad Boy,('coming', 'now', '...'),1
Bad Boy,('now', '...', 'Pleasure'),1
Bad Boy,('...', 'Pleasure', 'doing'),1
Bad Boy,('with', 'you', 'again'),1
Bad Boy,('you', 'again', '...'),1
Bad Boy,('again', '...', 'Is'),1
Bad Boy,('...', 'Is', 'this'),1
Bad Boy,('Is', 'this', 'some'),1
Bad Boy,('this', 'some', 'sort'),1
Bad Boy,('some', 'sort', 'of'),1
Bad Boy,('sort', 'of', 'sick'),1
Bad Boy,('of', 'sick', 'April'),1
Bad Boy,('sick', 'April', 'Fools'),1
Bad Boy,('April', 'Fools', 'joke'),1
Bad Boy,('Fools', 'joke', '?'),1
Bad Boy,('joke', '?', '?'),1
Bad Boy,('?', '?', 'Really'),1
Bad Boy,('?', 'Really', 'ok'),1
Bad Boy,('Really', 'ok', '?'),1
Bad Boy,('ok', '?', 'You'),1
Bad Boy,('?', 'You', 'have'),1
Bad Boy,('You', 'have', 'my'),1
Bad Boy,('have', 'my', 'word'),1
Bad Boy,('my', 'word', '.'),1
Bad Boy,('word', '.', 'Just'),1
Bad Boy,('.', 'Just', 'make'),1
Bad Boy,('Just', 'make', 'sure'),1
Bad Boy,('make', 'sure', 'the'),1
Bad Boy,('sure', 'the', 'gear'),1
Bad Boy,('the', 'gear', 'keeps'),1
Bad Boy,('gear', 'keeps', 'flowing'),1
Bad Boy,('keeps', 'flowing', 'yer'),1
Bad Boy,('flowing', 'yer', '?'),1
Bad Boy,('yer', '?', 'Alright'),1
Bad Boy,('?', 'Alright', 'man'),1
Bad Boy,('Alright', 'man', '.'),1
Bad Boy,('man', '.', 'Whatever'),1
Bad Boy,('.', 'Whatever', 'you'),1
Bad Boy,('Whatever', 'you', 'say'),1
Bad Boy,('you', 'say', 'boss'),1
Bad Boy,('say', 'boss', '....'),1
Bad Boy,('boss', '....', 'nan'),1
Bad Boy,('....', 'nan', 'Just'),1
Bad Boy,('nan', 'Just', 'promise'),1
Bad Boy,('Just', 'promise', 'me'),1
Bad Boy,('promise', 'me', 'I'),1
Bad Boy,('me', 'I', 'can'),1
Bad Boy,('I', 'can', 'stay'),1
Bad Boy,('can', 'stay', 'in'),1
Bad Boy,('stay', 'in', 'business'),1
Bad Boy,('in', 'business', '....'),1
Bad Boy,('business', '....', 'https'),1
Bad Boy,('....', 'https', ':'),1
Bad Boy,('https', ':', '//images.app.goo.gl/ykj9WorVVQbVh3kd7'),1
Bad Boy,(':', '//images.app.goo.gl/ykj9WorVVQbVh3kd7', 'Getting'),1
Bad Boy,('//images.app.goo.gl/ykj9WorVVQbVh3kd7', 'Getting', 'nervous'),1
Bad Boy,('Getting', 'nervous', '.'),1
Bad Boy,('nervous', '.', 'Am'),1
Bad Boy,('.', 'Am', 'I'),1
Bad Boy,('Am', 'I', 'overthinking'),1
Bad Boy,('I', 'overthinking', 'things'),1
Bad Boy,('overthinking', 'things', '...'),1
Bad Boy,('things', '...', '?'),1
Bad Boy,('...', '?', 'nan'),1
Bad Boy,('?', 'nan', 'So'),1
Bad Boy,('nan', 'So', 'what'),1
Bad Boy,('So', 'what', "'s"),1
Bad Boy,("'s", 'the', 'plan'),1
Bad Boy,('the', 'plan', '?'),1
Bad Boy,('plan', '?', 'You'),1
Bad Boy,('?', 'You', 'buy'),1
Bad Boy,('You', 'buy', 'or'),1
Bad Boy,('buy', 'or', 'sell'),1
Bad Boy,('or', 'sell', '?'),1
Bad Boy,('sell', '?', 'I'),1
Bad Boy,('I', 'can', 'buy'),1
Bad Boy,('can', 'buy', 'that'),1
Bad Boy,('buy', 'that', '.'),1
Bad Boy,('that', '.', 'Looks'),1
Bad Boy,('.', 'Looks', 'good'),1
Bad Boy,('Looks', 'good', '.'),1
Bad Boy,('good', '.', '1000kr'),1
Bad Boy,('.', '1000kr', 'to'),1
Bad Boy,('1000kr', 'to', 'you'),1
Bad Boy,('you', 'my', 'good'),1
Bad Boy,('my', 'good', 'man'),1
Bad Boy,('good', 'man', '...'),1
Bad Boy,('man', '...', 'nan'),1
Bad Boy,('...', 'nan', 'I'),1
Bad Boy,('nan', 'I', 'got'),1
Bad Boy,('I', 'got', 'a'),1
Bad Boy,('got', 'a', 'few'),1
Bad Boy,('a', 'few', 'things'),1
Bad Boy,('few', 'things', 'to'),1
Bad Boy,('things', 'to', 'buy'),1
Bad Boy,('to', 'buy', 'and'),1
Bad Boy,('buy', 'and', 'sell'),1
Bad Boy,('and', 'sell', '.'),1
Bad Boy,('sell', '.', 'I'),1
Bad Boy,('.', 'I', 'can'),1
Bad Boy,('I', 'can', 'fence'),1
Bad Boy,('can', 'fence', 'some'),1
Bad Boy,('fence', 'some', 'of'),1
Bad Boy,('some', 'of', 'your'),1
Bad Boy,('of', 'your', 'gear'),1
Bad Boy,('your', 'gear', 'if'),1
Bad Boy,('gear', 'if', 'you'),1
Bad Boy,('if', 'you', 'like'),1
Bad Boy,('you', 'like', '?'),1
Bad Boy,('like', '?', 'What'),1
Bad Boy,('?', 'What', 'u'),1
Bad Boy,('What', 'u', 'got'),1
Bad Boy,('u', 'got', 'dude'),1
Bad Boy,('got', 'dude', '....'),1
Bad Boy,('dude', '....', 'Christ'),1
Bad Boy,('....', 'Christ', 'almighty'),1
Bad Boy,('Christ', 'almighty', '.'),1
Bad Boy,('almighty', '.', 'Did'),1
Bad Boy,('.', 'Did', 'you'),1
Bad Boy,('Did', 'you', 'rob'),1
Bad Boy,('you', 'rob', 'a'),1
Bad Boy,('rob', 'a', 'bank'),1
Bad Boy,('a', 'bank', '?'),1
Bad Boy,('bank', '?', 'I'),1
Bad Boy,('?', 'I', 'need'),1
Bad Boy,('need', 'to', 'see'),1
Bad Boy,('to', 'see', 'this'),1
Bad Boy,('see', 'this', 'stuff'),1
Bad Boy,('this', 'stuff', 'in'),1
Bad Boy,('stuff', 'in', 'person'),1
Bad Boy,('in', 'person', 'and'),1
Bad Boy,('person', 'and', 'check'),1
Bad Boy,('and', 'check', 'the'),1
Bad Boy,('check', 'the', 'quality'),1
Bad Boy,('the', 'quality', 'of'),1
Bad Boy,('quality', 'of', 'the'),1
Bad Boy,('of', 'the', 'merchandise'),1
Bad Boy,('the', 'merchandise', '.'),1
Bad Boy,('merchandise', '.', 'For'),1
Bad Boy,('.', 'For', 'all'),1
Bad Boy,('For', 'all', 'I'),1
Bad Boy,('all', 'I', 'know'),1
Bad Boy,('I', 'know', 'you'),1
Bad Boy,('know', 'you', 'just'),1
Bad Boy,('you', 'just', 'downloaded'),1
Bad Boy,('just', 'downloaded', 'this'),1
Bad Boy,('downloaded', 'this', 'shit'),1
Bad Boy,('this', 'shit', 'off'),1
Bad Boy,('shit', 'off', 'the'),1
Bad Boy,('off', 'the', 'internet'),1
Bad Boy,('the', 'internet', '.'),1
Bad Boy,('internet', '.', 'Not'),1
Bad Boy,('.', 'Not', 'that'),1
Bad Boy,('Not', 'that', 'I'),1
Bad Boy,('that', 'I', 'do'),1
Bad Boy,('I', 'do', "n't"),2
Bad Boy,('do', "n't", 'trust'),1
Bad Boy,("n't", 'trust', 'you'),1
Bad Boy,('trust', 'you', 'but'),1
Bad Boy,('you', 'but', 'I'),1
Bad Boy,('but', 'I', 'do'),1
Bad Boy,('do', "n't", '....'),1
Bad Boy,("n't", '....', 'nan'),1
Bad Boy,('....', 'nan', 'Send'),1
Bad Boy,('nan', 'Send', 'me'),1
Bad Boy,('Send', 'me', 'a'),1
Bad Boy,('me', 'a', 'sample'),1
Bad Boy,('a', 'sample', 'tonight'),1
Bad Boy,('sample', 'tonight', 'Dude'),1
Bad Boy,('tonight', 'Dude', 'stop'),1
Bad Boy,('Dude', 'stop', 'sending'),1
Bad Boy,('stop', 'sending', 'me'),1
Bad Boy,('sending', 'me', 'useless'),1
Bad Boy,('me', 'useless', 'shit'),1
Bad Boy,('useless', 'shit', 'and'),1
Bad Boy,('shit', 'and', 'let'),1
Bad Boy,('and', 'let', "'s"),1
Bad Boy,('let', "'s", 'get'),1
Bad Boy,("'s", 'get', 'down'),1
Bad Boy,('get', 'down', 'to'),1
Bad Boy,('down', 'to', 'business'),1
Bad Boy,('to', 'business', '...'),1
Bad Boy,('business', '...', 'You'),1
Bad Boy,('...', 'You', 'pay'),1
Bad Boy,('You', 'pay', 'a'),1
Bad Boy,('pay', 'a', 'lot'),1
Bad Boy,('a', 'lot', 'my'),1
Bad Boy,('lot', 'my', 'friend'),1
Bad Boy,('my', 'friend', '....'),1
Bad Boy,('friend', '....', 'Nice'),1
Bad Boy,('....', 'Nice', '.'),1
Bad Boy,('Nice', '.', 'Dollar'),1
Bad Boy,('.', 'Dollar', 'seems'),1
Bad Boy,('Dollar', 'seems', 'pretty'),1
Bad Boy,('seems', 'pretty', 'worthless'),1
Bad Boy,('pretty', 'worthless', 'right'),1
Bad Boy,('worthless', 'right', 'now'),1
Bad Boy,('right', 'now', ','),1
Bad Boy,('now', ',', 'so'),1
Bad Boy,(',', 'so', 'happy'),1
Bad Boy,('so', 'happy', 'the'),1
Bad Boy,('happy', 'the', 'cat'),1
Bad Boy,('the', 'cat', 'liked'),1
Bad Boy,('cat', 'liked', 'it'),1
Bad Boy,('liked', 'it', '.'),1
Bad Boy,('it', '.', 'nan'),1
Bad Boy,('.', 'nan', 'How'),1
Bad Boy,('nan', 'How', 'much'),1
Bad Boy,('How', 'much', '?'),1
Bad Boy,('much', '?', 'nan'),1
Bad Boy,('?', 'nan', 'Really'),1
Bad Boy,('nan', 'Really', '?'),1
Bad Boy,('Really', '?', 'Do'),1
Bad Boy,('?', 'Do', "n't"),1
Bad Boy,('Do', "n't", 'bother'),1
Bad Boy,("n't", 'bother', 'then'),1
Bad Boy,('bother', 'then', '....'),1
Bad Boy,('then', '....', 'Tick'),1
Bad Boy,('....', 'Tick', 'Tock'),1
Bad Boy,('Tick', 'Tock', 'nan'),1
Bad Boy,('Tock', 'nan', 'Well'),1
Bad Boy,('nan', 'Well', 'you'),1
Bad Boy,('Well', 'you', 'know'),1
Bad Boy,('you', 'know', 'me'),1
Bad Boy,('know', 'me', '.'),1
Bad Boy,('.', 'I', 'like'),1
Bad Boy,('I', 'like', 'some'),1
Bad Boy,('like', 'some', 'trouble'),1
Bad Boy,('some', 'trouble', 'because'),1
Bad Boy,('trouble', 'because', 'I'),1
Bad Boy,('because', 'I', "'m"),1
Bad Boy,('I', "'m", 'a'),1
Bad Boy,("'m", 'a', 'bad'),1
Bad Boy,('a', 'bad', 'boy'),1
Bad Boy,('bad', 'boy', '!'),1
Bad Boy,('boy', '!', '!'),1
Bad Boy,('!', '!', '!'),2
Bad Boy,('!', '!', 'Yes'),1
Bad Boy,('!', 'Yes', 'ok'),1
Bad Boy,('ok', 'I', 'give'),1
Bad Boy,('I', 'give', 'you'),1
Bad Boy,('give', 'you', '1000kr'),1
Bad Boy,('you', '1000kr', 'tomorrow'),1
Bad Boy,('1000kr', 'tomorrow', 'I'),1
Bad Boy,('tomorrow', 'I', 'guess'),1
Bad Boy,('I', 'guess', 'I'),1
Bad Boy,('guess', 'I', 'should'),1
Bad Boy,('I', 'should', "n't"),1
Bad Boy,('should', "n't", 'ask'),1
Bad Boy,("n't", 'ask', 'where'),1
Bad Boy,('ask', 'where', 'they'),1
Bad Boy,('where', 'they', 'came'),1
Bad Boy,('they', 'came', 'from'),1
Bad Boy,('came', 'from', '?'),1
Bad Boy,('from', '?', 'What'),1
Bad Boy,('?', 'What', "'s"),1
Bad Boy,('What', "'s", 'up'),1
Bad Boy,("'s", 'up', '?'),1
Bad Boy,('up', '?', 'Got'),1
Bad Boy,('?', 'Got', 'any'),1
Bad Boy,('Got', 'any', 'gear'),1
Bad Boy,('any', 'gear', '?'),1
Bad Boy,('?', '?', 'Gold'),1
Bad Boy,('?', 'Gold', 'stuff'),1
Bad Boy,('Gold', 'stuff', '?'),1
Bad Boy,('stuff', '?', 'Yerrrrr\\nHow'),1
Bad Boy,('?', 'Yerrrrr\\nHow', 'much'),1
Bad Boy,('Yerrrrr\\nHow', 'much', '?'),1
Bad Boy,('much', '?', '?'),1
Bad Boy,('?', '?', 'Christ'),1
Bad Boy,('?', 'Christ', 'almighty'),1
Bad Boy,('Christ', 'almighty', 'that'),1
Bad Boy,('almighty', 'that', "'s"),1
Bad Boy,('that', "'s", 'steep'),1
Bad Boy,("'s", 'steep', '.'),1
Bad Boy,('steep', '.', '7500kr'),1
Bad Boy,('.', '7500kr', 'best'),1
Bad Boy,('7500kr', 'best', 'offer4'),1
Bad Boy,('best', 'offer4', 'Hey'),1
Bad Boy,('offer4', 'Hey', 'you'),1
Bad Boy,('Hey', 'you', 'looking'),1
Bad Boy,('you', 'looking', 'for'),1
Bad Boy,('looking', 'for', 'a'),1
Bad Boy,('for', 'a', 'safe'),1
Bad Boy,('a', 'safe', 'cracker'),1
Bad Boy,('safe', 'cracker', '?'),1
Bad Boy,('cracker', '?', 'Ok'),1
Bad Boy,('?', 'Ok', 'deal'),1
Bad Boy,('Ok', 'deal', 'nan'),1
Maverick SOB,('Oh', 'jeez', '.'),1
Maverick SOB,('jeez', '.', 'U'),1
Maverick SOB,('.', 'U', 'r'),1
Maverick SOB,('U', 'r', 'everywhere'),1
Maverick SOB,('r', 'everywhere', 'What'),1
Maverick SOB,('everywhere', 'What', 'do'),1
Maverick SOB,('What', 'do', 'you'),1
Maverick SOB,('do', 'you', 'want'),2
Maverick SOB,('you', 'want', 'man'),1
Maverick SOB,('want', 'man', '?'),1
Maverick SOB,('man', '?', 'OK'),1
Maverick SOB,('?', 'OK', 'but'),1
Maverick SOB,('OK', 'but', 'how'),1
Maverick SOB,('but', 'how', 'can'),1
Maverick SOB,('how', 'can', 'I'),1
Maverick SOB,('can', 'I', 'trust'),1
Maverick SOB,('I', 'trust', 'you'),1
Maverick SOB,('trust', 'you', 'after'),1
Maverick SOB,('you', 'after', 'last'),1
Maverick SOB,('after', 'last', 'time'),1
Maverick SOB,('last', 'time', '?'),1
Maverick SOB,('time', '?', 'You'),1
Maverick SOB,('?', 'You', 'really'),1
Maverick SOB,('You', 'really', 'screwed'),1
Maverick SOB,('really', 'screwed', 'up'),1
Maverick SOB,('screwed', 'up', '...'),1
Maverick SOB,('up', '...', 'Ha'),1
Maverick SOB,('...', 'Ha', 'yer'),1
Maverick SOB,('Ha', 'yer', 'right'),1
Maverick SOB,('yer', 'right', '.'),1
Maverick SOB,('right', '.', 'How'),1
Maverick SOB,('.', 'How', 'many'),1
Maverick SOB,('How', 'many', 'times'),1
Maverick SOB,('many', 'times', 'have'),1
Maverick SOB,('times', 'have', 'I'),1
Maverick SOB,('have', 'I', 'heard'),1
Maverick SOB,('I', 'heard', 'that'),1
Maverick SOB,('heard', 'that', 'shit'),1
Maverick SOB,('that', 'shit', 'before'),1
Maverick SOB,('shit', 'before', '.'),1
Maverick SOB,('before', '.', '≡ƒñö'),1
Maverick SOB,('.', '≡ƒñö', 'I'),1
Maverick SOB,('≡ƒñö', 'I', 'need'),1
Maverick SOB,('I', 'need', 'to'),1
Maverick SOB,('need', 'to', 'speak'),1
Maverick SOB,('to', 'speak', 'to'),2
Maverick SOB,('speak', 'to', 'Goose'),1
Maverick SOB,('to', 'Goose', 'about'),1
Maverick SOB,('Goose', 'about', 'this'),1
Maverick SOB,('about', 'this', '...'),1
Maverick SOB,('this', '...', 'OK'),1
Maverick SOB,('...', 'OK', 'Bad'),1
Maverick SOB,('OK', 'Bad', 'Boy'),1
Maverick SOB,('Bad', 'Boy', '...'),1
Maverick SOB,('Boy', '...', 'Goose'),1
Maverick SOB,('...', 'Goose', 'agreed'),1
Maverick SOB,('Goose', 'agreed', 'to'),1
Maverick SOB,('agreed', 'to', 'give'),1
Maverick SOB,('to', 'give', 'you'),1
Maverick SOB,('give', 'you', 'a'),1
Maverick SOB,('you', 'a', 'second'),1
Maverick SOB,('a', 'second', 'chance'),1
Maverick SOB,('second', 'chance', ','),1
Maverick SOB,('chance', ',', 'but'),1
Maverick SOB,(',', 'but', 'you'),1
Maverick SOB,('but', 'you', 'need'),1
Maverick SOB,('you', 'need', 'to'),1
Maverick SOB,('need', 'to', 'do'),1
Maverick SOB,('to', 'do', 'everything'),1
Maverick SOB,('do', 'everything', 'we'),1
Maverick SOB,('everything', 'we', 'say'),1
Maverick SOB,('we', 'say', 'OK'),1
Maverick SOB,('say', 'OK', '?'),1
Maverick SOB,('OK', '?', 'Dear'),1
Maverick SOB,('?', 'Dear', 'God'),1
Maverick SOB,('Dear', 'God', ','),1
Maverick SOB,('God', ',', 'please'),1
Maverick SOB,(',', 'please', 'make'),1
Maverick SOB,('please', 'make', 'sure'),1
Maverick SOB,('make', 'sure', 'I'),1
Maverick SOB,('sure', 'I', 'do'),1
Maverick SOB,('I', 'do', "n't"),1
Maverick SOB,('do', "n't", '.'),1
Maverick SOB,("n't", '.', 'Sick'),1
Maverick SOB,('.', 'Sick', 'of'),1
Maverick SOB,('Sick', 'of', 'cleaning'),1
Maverick SOB,('of', 'cleaning', 'up'),1
Maverick SOB,('cleaning', 'up', 'after'),1
Maverick SOB,('up', 'after', 'others'),1
Maverick SOB,('after', 'others', '.'),1
Maverick SOB,('others', '.', 'First'),1
Maverick SOB,('.', 'First', 'job'),1
Maverick SOB,('First', 'job', '.'),1
Maverick SOB,('job', '.', 'Find'),1
Maverick SOB,('.', 'Find', 'us'),1
Maverick SOB,('Find', 'us', 'a'),1
Maverick SOB,('us', 'a', 'place'),1
Maverick SOB,('a', 'place', 'to'),1
Maverick SOB,('place', 'to', 'rob'),1
Maverick SOB,('to', 'rob', '..'),1
Maverick SOB,('rob', '..', 'In'),1
Maverick SOB,('..', 'In', 'the'),1
Maverick SOB,('In', 'the', 'city'),1
Maverick SOB,('the', 'city', '?'),1
Maverick SOB,('city', '?', 'Nah'),1
Maverick SOB,('?', 'Nah', 'man'),1
Maverick SOB,('Nah', 'man', 'that'),1
Maverick SOB,('man', 'that', "'s"),1
Maverick SOB,('that', "'s", 'someone'),1
Maverick SOB,("'s", 'someone', 'else'),1
Maverick SOB,('someone', 'else', "'s"),1
Maverick SOB,('else', "'s", 'turf'),1
Maverick SOB,("'s", 'turf', '.'),1
Maverick SOB,('turf', '.', 'We'),1
Maverick SOB,('.', 'We', 'stick'),1
Maverick SOB,('We', 'stick', 'to'),1
Maverick SOB,('stick', 'to', 'the'),1
Maverick SOB,('to', 'the', 'suburbs'),1
Maverick SOB,('the', 'suburbs', 'or'),1
Maverick SOB,('suburbs', 'or', 'get'),1
Maverick SOB,('or', 'get', 'whacked'),1
Maverick SOB,('get', 'whacked', '.'),1
Maverick SOB,('whacked', '.', 'Local'),1
Maverick SOB,('.', 'Local', 'numbers'),1
Maverick SOB,('Local', 'numbers', 'only'),1
Maverick SOB,('numbers', 'only', 'Maybe'),1
Maverick SOB,('only', 'Maybe', '.'),1
Maverick SOB,('Maybe', '.', 'How'),1
Maverick SOB,('.', 'How', 'much'),1
Maverick SOB,('How', 'much', 'do'),1
Maverick SOB,('much', 'do', 'you'),1
Maverick SOB,('you', 'want', '?'),1
Maverick SOB,('want', '?', 'Deal'),1
Maverick SOB,('?', 'Deal', 'OK'),1
Maverick SOB,('Deal', 'OK', 'later'),1
Maverick SOB,('OK', 'later', 'on'),1
Maverick SOB,('later', 'on', 'meet'),1
Maverick SOB,('on', 'meet', 'here'),1
Maverick SOB,('meet', 'here', '.'),1
Maverick SOB,('here', '.', 'nan'),2
Maverick SOB,('.', 'nan', 'What'),1
Maverick SOB,('nan', 'What', 'time'),1
Maverick SOB,('What', 'time', 'do'),1
Maverick SOB,('time', 'do', 'ya'),1
Maverick SOB,('do', 'ya', 'think'),1
Maverick SOB,('ya', 'think', '?'),1
Maverick SOB,('think', '?', 'Yer'),1
Maverick SOB,('?', 'Yer', 'OK'),1
Maverick SOB,('Yer', 'OK', 'I'),1
Maverick SOB,('OK', 'I', 'can'),1
Maverick SOB,('I', 'can', 'do'),1
Maverick SOB,('can', 'do', 'that'),1
Maverick SOB,('do', 'that', '.'),1
Maverick SOB,('that', '.', 'See'),1
Maverick SOB,('.', 'See', 'you'),2
Maverick SOB,('See', 'you', 'there'),1
Maverick SOB,('you', 'there', 'shortly'),1
Maverick SOB,('there', 'shortly', '.'),1
Maverick SOB,('shortly', '.', 'Bring'),1
Maverick SOB,('.', 'Bring', 'the'),2
Maverick SOB,('Bring', 'the', 'packages'),1
Maverick SOB,('the', 'packages', '≡ƒôª'),1
Maverick SOB,('packages', '≡ƒôª', 'nan'),1
Maverick SOB,('≡ƒôª', 'nan', 'Good'),1
Maverick SOB,('nan', 'Good', 'idea'),1
Maverick SOB,('Good', 'idea', 'to'),1
Maverick SOB,('idea', 'to', 'make'),1
Maverick SOB,('to', 'make', 'it'),1
Maverick SOB,('make', 'it', 'look'),1
Maverick SOB,('it', 'look', 'like'),1
Maverick SOB,('look', 'like', 'you'),1
Maverick SOB,('like', 'you', 'were'),1
Maverick SOB,('you', 'were', 'just'),1
Maverick SOB,('were', 'just', 'picking'),1
Maverick SOB,('just', 'picking', 'up'),1
Maverick SOB,('picking', 'up', 'a'),1
Maverick SOB,('up', 'a', 'regular'),1
Maverick SOB,('a', 'regular', 'parcel'),1
Maverick SOB,('regular', 'parcel', '.'),1
Maverick SOB,('parcel', '.', 'That'),1
Maverick SOB,('.', 'That', 'was'),1
Maverick SOB,('That', 'was', 'an'),1
Maverick SOB,('was', 'an', 'expensive'),1
Maverick SOB,('an', 'expensive', 'trade'),1
Maverick SOB,('expensive', 'trade', 'nan'),1
Maverick SOB,('trade', 'nan', 'Funnily'),1
Maverick SOB,('nan', 'Funnily', 'enough'),1
Maverick SOB,('Funnily', 'enough', 'I'),1
Maverick SOB,('enough', 'I', 'have'),1
Maverick SOB,('I', 'have', 'a'),1
Maverick SOB,('have', 'a', 'kilo'),1
Maverick SOB,('a', 'kilo', 'of'),1
Maverick SOB,('kilo', 'of', 'white'),1
Maverick SOB,('of', 'white', 'powder'),1
Maverick SOB,('white', 'powder', 'available'),1
Maverick SOB,('powder', 'available', '...'),1
Maverick SOB,('available', '...', 'nan'),1
Maverick SOB,('...', 'nan', '$'),1
Maverick SOB,('nan', '$', '110,000'),1
Maverick SOB,('$', '110,000', 'allowing'),1
Maverick SOB,('110,000', 'allowing', 'for'),1
Maverick SOB,('allowing', 'for', 'inflation'),1
Maverick SOB,('for', 'inflation', '...'),1
Maverick SOB,('inflation', '...', 'Yes'),1
Maverick SOB,('...', 'Yes', 'well'),1
Maverick SOB,('Yes', 'well', 'finest'),1
Maverick SOB,('well', 'finest', 'quality'),1
Maverick SOB,('finest', 'quality', ','),1
Maverick SOB,('quality', ',', 'very'),1
Maverick SOB,(',', 'very', 'cheap'),1
Maverick SOB,('very', 'cheap', 'to'),1
Maverick SOB,('cheap', 'to', 'you'),1
Maverick SOB,('to', 'you', 'my'),1
Maverick SOB,('you', 'my', 'friend'),1
Maverick SOB,('my', 'friend', '.'),1
Maverick SOB,('friend', '.', 'You'),1
Maverick SOB,('.', 'You', 'can'),1
Maverick SOB,('You', 'can', 'cut'),1
Maverick SOB,('can', 'cut', 'it'),1
Maverick SOB,('cut', 'it', 'down'),1
Maverick SOB,('it', 'down', 'and'),1
Maverick SOB,('down', 'and', 'quadruple'),1
Maverick SOB,('and', 'quadruple', 'the'),1
Maverick SOB,('quadruple', 'the', 'value'),1
Maverick SOB,('the', 'value', '...'),1
Maverick SOB,('value', '...', 'Tick'),1
Maverick SOB,('...', 'Tick', 'tock'),1
Maverick SOB,('Tick', 'tock', '....'),1
Maverick SOB,('tock', '....', 'Just'),1
Maverick SOB,('....', 'Just', 'what'),1
Maverick SOB,('Just', 'what', 'I'),1
Maverick SOB,('what', 'I', 'needed'),1
Maverick SOB,('I', 'needed', 'to'),1
Maverick SOB,('needed', 'to', 'hear'),1
Maverick SOB,('to', 'hear', 'thank'),1
Maverick SOB,('hear', 'thank', 'you'),1
Maverick SOB,('thank', 'you', '.'),1
Maverick SOB,('you', '.', 'Let'),1
Maverick SOB,('.', 'Let', "'s"),1
Maverick SOB,('Let', "'s", 'do'),1
Maverick SOB,("'s", 'do', 'Wednesday'),1
Maverick SOB,('do', 'Wednesday', 'evening'),1
Maverick SOB,('Wednesday', 'evening', '.'),1
Maverick SOB,('evening', '.', '≡ƒæî'),1
Maverick SOB,('.', '≡ƒæî', 'I'),1
Maverick SOB,('≡ƒæî', 'I', 'will'),1
Maverick SOB,('I', 'will', 'be'),1
Maverick SOB,('will', 'be', 'there'),1
Maverick SOB,('be', 'there', 'bring'),1
Maverick SOB,('there', 'bring', 'the'),1
Maverick SOB,('bring', 'the', 'cash'),1
Maverick SOB,('the', 'cash', 'and'),1
Maverick SOB,('cash', 'and', 'you'),1
Maverick SOB,('and', 'you', 'get'),1
Maverick SOB,('you', 'get', 'the'),1
Maverick SOB,('get', 'the', 'delivery'),1
Maverick SOB,('the', 'delivery', 'of'),1
Maverick SOB,('delivery', 'of', 'powder'),1
Maverick SOB,('of', 'powder', '....'),1
Maverick SOB,('powder', '....', '10.minutes'),1
Maverick SOB,('....', '10.minutes', 'OK'),1
Maverick SOB,('10.minutes', 'OK', 'I'),1
Maverick SOB,('OK', 'I', "'m"),1
Maverick SOB,('I', "'m", 'here'),1
Maverick SOB,("'m", 'here', 'now'),1
Maverick SOB,('here', 'now', '.'),1
Maverick SOB,('now', '.', 'Black'),1
Maverick SOB,('.', 'Black', 'jacket'),1
Maverick SOB,('Black', 'jacket', '.'),1
Maverick SOB,('jacket', '.', 'Where'),1
Maverick SOB,('.', 'Where', 'are'),1
Maverick SOB,('Where', 'are', 'you'),1
Maverick SOB,('are', 'you', 'at'),1
Maverick SOB,('you', 'at', '?'),1
Maverick SOB,('at', '?', '?'),1
Maverick SOB,('?', '?', '?'),9
Maverick SOB,('?', '?', 'OK'),3
Maverick SOB,('?', 'OK', 'yes'),1
Maverick SOB,('OK', 'yes', 'yes'),1
Maverick SOB,('yes', 'yes', 'I'),1
Maverick SOB,('yes', 'I', 'see'),1
Maverick SOB,('I', 'see', 'you'),1
Maverick SOB,('see', 'you', '≡ƒæÇ'),1
Maverick SOB,('you', '≡ƒæÇ', 'nan'),1
Maverick SOB,('≡ƒæÇ', 'nan', 'Pleasure'),1
Maverick SOB,('nan', 'Pleasure', 'doing'),1
Maverick SOB,('Pleasure', 'doing', 'business'),1
Maverick SOB,('doing', 'business', 'with'),1
Maverick SOB,('business', 'with', 'you'),1
Maverick SOB,('with', 'you', 'Yer'),1
Maverick SOB,('you', 'Yer', 'absolutely'),1
Maverick SOB,('Yer', 'absolutely', 'Wow'),1
Maverick SOB,('absolutely', 'Wow', 'really'),1
Maverick SOB,('Wow', 'really', '?'),1
Maverick SOB,('really', '?', '?'),1
Maverick SOB,('?', '?', '\\nOK'),1
Maverick SOB,('?', '\\nOK', 'let'),1
Maverick SOB,('\\nOK', 'let', 'me'),1
Maverick SOB,('let', 'me', 'check'),1
Maverick SOB,('me', 'check', 'Γ£ö'),1
Maverick SOB,('check', 'Γ£ö', 'God'),1
Maverick SOB,('Γ£ö', 'God', 'damn'),1
Maverick SOB,('God', 'damn', '.'),1
Maverick SOB,('damn', '.', 'OK'),1
Maverick SOB,('.', 'OK', 'I'),1
Maverick SOB,('OK', 'I', 'will'),1
Maverick SOB,('I', 'will', 'put'),1
Maverick SOB,('will', 'put', 'another'),1
Maverick SOB,('put', 'another', 'call'),1
Maverick SOB,('another', 'call', 'in'),1
Maverick SOB,('call', 'in', '...'),1
Maverick SOB,('in', '...', 'nan'),1
Maverick SOB,('...', 'nan', 'Are'),1
Maverick SOB,('nan', 'Are', 'you'),1
Maverick SOB,('Are', 'you', 'watching'),1
Maverick SOB,('you', 'watching', 'me'),1
Maverick SOB,('watching', 'me', '?'),1
Maverick SOB,('me', '?', '?'),1
Maverick SOB,('?', 'OK', 'ok'),2
Maverick SOB,('OK', 'ok', 'So'),1
Maverick SOB,('ok', 'So', 'you'),1
Maverick SOB,('So', 'you', 'still'),1
Maverick SOB,('you', 'still', 'want'),1
Maverick SOB,('still', 'want', 'stuff'),1
Maverick SOB,('want', 'stuff', '?'),1
Maverick SOB,('stuff', '?', '?'),1
Maverick SOB,('OK', 'ok', 'working'),1
Maverick SOB,('ok', 'working', 'on'),1
Maverick SOB,('working', 'on', 'it'),1
Maverick SOB,('on', 'it', 'nan'),1
Maverick SOB,('it', 'nan', 'Yer'),1
Maverick SOB,('nan', 'Yer', 'OK'),1
Maverick SOB,('Yer', 'OK', 'man'),1
Maverick SOB,('OK', 'man', 'I'),1
Maverick SOB,('man', 'I', 'got'),1
Maverick SOB,('I', 'got', 'the'),1
Maverick SOB,('got', 'the', 'message'),1
Maverick SOB,('the', 'message', 'nan'),1
Maverick SOB,('message', 'nan', 'A'),1
Maverick SOB,('nan', 'A', 'package'),1
Maverick SOB,('A', 'package', 'has'),1
Maverick SOB,('package', 'has', 'arrived'),1
Maverick SOB,('has', 'arrived', '....'),1
Maverick SOB,('arrived', '....', 'You'),1
Maverick SOB,('....', 'You', 'still'),1
Maverick SOB,('You', 'still', 'in'),1
Maverick SOB,('still', 'in', 'the'),1
Maverick SOB,('in', 'the', 'market'),1
Maverick SOB,('the', 'market', '?'),1
Maverick SOB,('market', '?', '?'),1
Maverick SOB,('?', '?', 'Not'),1
Maverick SOB,('?', 'Not', 'as'),1
Maverick SOB,('Not', 'as', 'big'),1
Maverick SOB,('as', 'big', 'a'),1
Maverick SOB,('big', 'a', 'quantity'),1
Maverick SOB,('a', 'quantity', 'available'),1
Maverick SOB,('quantity', 'available', 'this'),1
Maverick SOB,('available', 'this', 'time'),1
Maverick SOB,('this', 'time', '.'),1
Maverick SOB,('time', '.', '15,000kr'),1
Maverick SOB,('.', '15,000kr', 'for'),1
Maverick SOB,('15,000kr', 'for', '100'),1
Maverick SOB,('for', '100', 'grams'),1
Maverick SOB,('100', 'grams', 'Yep'),1
Maverick SOB,('grams', 'Yep', '.'),1
Maverick SOB,('Yep', '.', 'Will'),1
Maverick SOB,('.', 'Will', 'let'),2
Maverick SOB,('Will', 'let', 'you'),2
Maverick SOB,('let', 'you', 'know'),2
Maverick SOB,('you', 'know', '.'),1
Maverick SOB,('know', '.', 'Need'),1
Maverick SOB,('.', 'Need', 'to'),1
Maverick SOB,('Need', 'to', 'speak'),1
Maverick SOB,('speak', 'to', 'someone'),1
Maverick SOB,('to', 'someone', '...'),1
Maverick SOB,('someone', '...', 'OK'),1
Maverick SOB,('...', 'OK', 'that'),1
Maverick SOB,('OK', 'that', 'works'),1
Maverick SOB,('that', 'works', '.'),1
Maverick SOB,('works', '.', 'See'),1
Maverick SOB,('See', 'you', 'tomorrow'),1
Maverick SOB,('you', 'tomorrow', 'Yes'),1
Maverick SOB,('tomorrow', 'Yes', 'be'),1
Maverick SOB,('Yes', 'be', 'there'),1
Maverick SOB,('be', 'there', 'sometime'),1
Maverick SOB,('there', 'sometime', 'between'),1
Maverick SOB,('sometime', 'between', '6.30-7pm'),1
Maverick SOB,('between', '6.30-7pm', '.'),1
Maverick SOB,('6.30-7pm', '.', 'Will'),1
Maverick SOB,('you', 'know', 'when'),1
Maverick SOB,('know', 'when', 'I'),1
Maverick SOB,('when', 'I', 'leave'),1
Maverick SOB,('I', 'leave', 'with'),1
Maverick SOB,('leave', 'with', 'a'),1
Maverick SOB,('with', 'a', '30'),1
Maverick SOB,('a', '30', 'min'),1
Maverick SOB,('30', 'min', 'warning'),1
Maverick SOB,('min', 'warning', '.'),1
Maverick SOB,('warning', '.', 'Bring'),1
Maverick SOB,('Bring', 'the', 'cash'),1
Maverick SOB,('the', 'cash', '≡ƒÆ╕'),1
Maverick SOB,('cash', '≡ƒÆ╕', 'Good'),1
Maverick SOB,('≡ƒÆ╕', 'Good', '≡ƒæì'),1
Maverick SOB,('Good', '≡ƒæì', 'OK'),1
Maverick SOB,('≡ƒæì', 'OK', 'got'),1
Maverick SOB,('OK', 'got', 'some'),1
Maverick SOB,('got', 'some', 'jobs'),1
Maverick SOB,('some', 'jobs', 'done'),1
Maverick SOB,('jobs', 'done', 'and'),1
Maverick SOB,('done', 'and', 'on'),1
Maverick SOB,('and', 'on', 'schedule'),1
Maverick SOB,('on', 'schedule', '.'),1
Maverick SOB,('schedule', '.', 'Be'),1
Maverick SOB,('.', 'Be', 'there'),1
Maverick SOB,('Be', 'there', 'on'),1
Maverick SOB,('there', 'on', 'time'),1
Maverick SOB,('on', 'time', 'or'),1
Maverick SOB,('time', 'or', 'early'),1
Maverick SOB,('or', 'early', 'As'),1
Maverick SOB,('early', 'As', 'and'),1
Maverick SOB,('As', 'and', 'when'),1
Maverick SOB,('and', 'when', '.'),1
Maverick SOB,('when', '.', 'Just'),1
Maverick SOB,('.', 'Just', 'bring'),1
Maverick SOB,('Just', 'bring', 'the'),1
Maverick SOB,('bring', 'the', '≡ƒÆ░'),1
Maverick SOB,('the', '≡ƒÆ░', 'Yes'),1
Maverick SOB,('≡ƒÆ░', 'Yes', 'you'),1
Maverick SOB,('Yes', 'you', 'can'),1
Maverick SOB,('you', 'can', 'trust'),1
Maverick SOB,('can', 'trust', 'me'),1
Maverick SOB,('trust', 'me', ':'),1
Maverick SOB,('me', ':', ')'),1
Maverick SOB,(':', ')', 'Meet'),1
Maverick SOB,(')', 'Meet', 'me'),1
Maverick SOB,('Meet', 'me', 'outside'),1
Maverick SOB,('me', 'outside', 'back'),1
Maverick SOB,('outside', 'back', 'of'),1
Maverick SOB,('back', 'of', 'shop'),1
Maverick SOB,('of', 'shop', 'Meet'),1
Maverick SOB,('shop', 'Meet', 'me'),1
Maverick SOB,('Meet', 'me', 'here'),1
Maverick SOB,('me', 'here', '.'),1
Maverick SOB,('.', 'nan', 'nan'),2
Maverick SOB,('nan', 'nan', 'Likewise'),1
Maverick SOB,('nan', 'Likewise', '.'),1
Maverick SOB,('Likewise', '.', 'Call'),1
Maverick SOB,('.', 'Call', 'again'),1
Maverick SOB,('Call', 'again', ';'),1
Maverick SOB,('again', ';', ')'),1
Maverick SOB,(';', ')', 'Hey'),1
Maverick SOB,(')', 'Hey', '.'),1
Maverick SOB,('Hey', '.', 'If'),1
Maverick SOB,('.', 'If', 'you'),1
Maverick SOB,('If', 'you', 'hear'),1
Maverick SOB,('you', 'hear', 'from'),1
Maverick SOB,('hear', 'from', 'Goose'),1
Maverick SOB,('from', 'Goose', ','),1
Maverick SOB,('Goose', ',', 'let'),1
Maverick SOB,(',', 'let', 'me'),1
Maverick SOB,('let', 'me', 'know'),1
Maverick SOB,('me', 'know', 'please'),1
Maverick SOB,('know', 'please', '.'),1
Maverick SOB,('please', '.', 'We'),1
Maverick SOB,('.', 'We', 'had'),1
Maverick SOB,('We', 'had', 'a'),1
Maverick SOB,('had', 'a', 'disagreement'),1
Maverick SOB,('a', 'disagreement', '.'),1
Maverick SOB,('disagreement', '.', 'Want'),1
Maverick SOB,('.', 'Want', 'to'),1
Maverick SOB,('Want', 'to', 'make'),1
Maverick SOB,('to', 'make', 'sure'),1
Maverick SOB,('make', 'sure', 'he'),1
Maverick SOB,('sure', 'he', 'does'),1
Maverick SOB,('he', 'does', "n't"),1
Maverick SOB,('does', "n't", 'start'),1
Maverick SOB,("n't", 'start', 'doing'),1
Maverick SOB,('start', 'doing', 'deals'),1
Maverick SOB,('doing', 'deals', 'behind'),1
Maverick SOB,('deals', 'behind', 'my'),1
Maverick SOB,('behind', 'my', 'back'),1
Maverick SOB,('my', 'back', '....'),1
Maverick SOB,('back', '....', 'I'),1
Maverick SOB,('....', 'I', 'am'),1
Maverick SOB,('I', 'am', 'your'),1
Maverick SOB,('am', 'your', 'supplier'),1
Maverick SOB,('your', 'supplier', 'OK'),1
Maverick SOB,('supplier', 'OK', '?'),1
Maverick SOB,('OK', '?', '?'),2
Maverick SOB,('?', '?', 'No'),1
Maverick SOB,('?', 'No', 'man'),1
Maverick SOB,('No', 'man', '.'),1
Maverick SOB,('man', '.', 'Did'),1
Maverick SOB,('.', 'Did', "n't"),1
Maverick SOB,('Did', "n't", 'notice'),1
Maverick SOB,("n't", 'notice', 'the'),1
Maverick SOB,('notice', 'the', 'date'),1
Maverick SOB,('the', 'date', 'until'),1
Maverick SOB,('date', 'until', 'now'),1
Maverick SOB,('until', 'now', '.'),1
Maverick SOB,('now', '.', 'This'),1
Maverick SOB,('.', 'This', 'is'),1
Maverick SOB,('This', 'is', 'straight'),1
Maverick SOB,('is', 'straight', 'up'),1
Maverick SOB,('straight', 'up', 'serious'),1
Maverick SOB,('up', 'serious', '.'),1
Maverick SOB,('serious', '.', 'We'),1
Maverick SOB,('.', 'We', 'have'),1
Maverick SOB,('We', 'have', 'internal'),1
Maverick SOB,('have', 'internal', 'issues'),1
Maverick SOB,('internal', 'issues', '.'),1
Maverick SOB,('issues', '.', 'No'),1
Maverick SOB,('.', 'No', 'problem'),1
Maverick SOB,('No', 'problem', 'for'),1
Maverick SOB,('problem', 'for', 'you'),1
Maverick SOB,('for', 'you', ','),1
Maverick SOB,('you', ',', 'but'),1
Maverick SOB,(',', 'but', 'only'),1
Maverick SOB,('but', 'only', 'talk'),1
Maverick SOB,('only', 'talk', 'to'),1
Maverick SOB,('talk', 'to', 'me'),1
Maverick SOB,('to', 'me', 'OK'),1
Maverick SOB,('me', 'OK', '?'),1
Maverick SOB,('?', '?', 'Yes'),1
Maverick SOB,('?', 'Yes', 'yes'),1
Maverick SOB,('Yes', 'yes', '.'),1
Maverick SOB,('yes', '.', 'And'),1
Maverick SOB,('.', 'And', 'if'),1
Maverick SOB,('And', 'if', 'he'),1
Maverick SOB,('if', 'he', 'does'),1
Maverick SOB,('he', 'does', 'reach'),1
Maverick SOB,('does', 'reach', 'out'),1
Maverick SOB,('reach', 'out', ','),1
Maverick SOB,('out', ',', 'do'),1
Maverick SOB,(',', 'do', "n't"),1
Maverick SOB,('do', "n't", 'listen'),1
Maverick SOB,("n't", 'listen', 'to'),1
Maverick SOB,('listen', 'to', 'any'),1
Maverick SOB,('to', 'any', 'of'),1
Maverick SOB,('any', 'of', 'his'),1
Maverick SOB,('of', 'his', 'nonsense'),1
Maverick SOB,('his', 'nonsense', '.'),1
Maverick SOB,('nonsense', '.', 'Guy'),1
Maverick SOB,('.', 'Guy', 'is'),1
Maverick SOB,('Guy', 'is', 'acting'),1
Maverick SOB,('is', 'acting', 'the'),1
Maverick SOB,('acting', 'the', 'fool'),1
Maverick SOB,('the', 'fool', 'right'),1
Maverick SOB,('fool', 'right', 'now'),1
Maverick SOB,('right', 'now', 'alright'),1
Maverick SOB,('now', 'alright', '≡ƒÖä'),1
Maverick SOB,('alright', '≡ƒÖä', 'Sure'),1
Maverick SOB,('≡ƒÖä', 'Sure', '...'),1
Maverick SOB,('Sure', '...', 'Dude'),1
Maverick SOB,('...', 'Dude', '.'),1
Maverick SOB,('Dude', '.', 'All'),1
Maverick SOB,('.', 'All', 'is'),1
Maverick SOB,('All', 'is', 'good'),1
Maverick SOB,('is', 'good', '.'),1
Maverick SOB,('good', '.', 'Relax'),1
Maverick SOB,('.', 'Relax', '.'),1
Maverick SOB,('Relax', '.', 'I'),1
Maverick SOB,('.', 'I', 'take'),1
Maverick SOB,('I', 'take', 'care'),1
Maverick SOB,('take', 'care', 'of'),1
Maverick SOB,('care', 'of', 'all'),1
Maverick SOB,('of', 'all', 'this'),1
Maverick SOB,('all', 'this', '...'),1
Maverick SOB,('this', '...', 'Split'),1
Maverick SOB,('...', 'Split', 'personality'),1
Maverick SOB,('Split', 'personality', '?'),1
Maverick SOB,('personality', '?', 'nan'),1
Maverick SOB,('?', 'nan', 'Damn'),1
Maverick SOB,('nan', 'Damn', '...'),1
Maverick SOB,('Damn', '...', 'what'),1
Maverick SOB,('...', 'what', 'else'),1
Maverick SOB,('what', 'else', 'u'),1
Maverick SOB,('else', 'u', 'got'),1
Maverick SOB,('u', 'got', '.'),1
Maverick SOB,('got', '.', 'I'),1
Maverick SOB,('.', 'I', 'need'),1
Maverick SOB,('I', 'need', 'tools'),1
Maverick SOB,('need', 'tools', 'for'),1
Maverick SOB,('tools', 'for', '2'),1
Maverick SOB,('for', '2', 'at'),1
Maverick SOB,('2', 'at', 'least'),1
Maverick SOB,('at', 'least', 'on'),1
Maverick SOB,('least', 'on', 'next'),1
Maverick SOB,('on', 'next', 'job'),1
Maverick SOB,('next', 'job', '.'),1
Maverick SOB,('job', '.', 'nan'),1
Maverick SOB,('nan', 'nan', 'Got'),1
Maverick SOB,('nan', 'Got', 'some'),1
Maverick SOB,('Got', 'some', 'more'),1
Maverick SOB,('some', 'more', 'for'),1
Maverick SOB,('more', 'for', 'you'),1
Maverick SOB,('for', 'you', '...'),1
Maverick SOB,('you', '...', 'nan'),1
Maverick SOB,('...', 'nan', 'nan'),1
Maverick SOB,('nan', 'nan', 'nan'),10
Maverick SOB,('nan', 'nan', 'Damn'),1
Maverick SOB,('nan', 'Damn', 'man'),1
Maverick SOB,('Damn', 'man', 'you'),1
Maverick SOB,('man', 'you', "'re"),1
Maverick SOB,('you', "'re", 'Fagin'),1
Maverick SOB,("'re", 'Fagin', 'now'),1
Maverick SOB,('Fagin', 'now', '?'),1
Maverick SOB,('now', '?', 'So'),1
Maverick SOB,('?', 'So', 'what'),1
Maverick SOB,('So', 'what', "'s"),1
Maverick SOB,('what', "'s", 'up'),1
Maverick SOB,("'s", 'up', '.'),1
Maverick SOB,('up', '.', 'You'),1
Maverick SOB,('.', 'You', 'selling'),1
Maverick SOB,('You', 'selling', 'anything'),1
Maverick SOB,('selling', 'anything', 'more'),1
Maverick SOB,('anything', 'more', '?'),1
Maverick SOB,('more', '?', 'Oh'),1
Maverick SOB,('?', 'Oh', 'man'),1
Maverick SOB,('Oh', 'man', ','),1
Maverick SOB,('man', ',', 'yes'),1
Maverick SOB,(',', 'yes', 'I'),1
Maverick SOB,('yes', 'I', 'need'),1
Maverick SOB,('I', 'need', 'help'),1
Maverick SOB,('need', 'help', 'to'),1
Maverick SOB,('help', 'to', 'shift'),1
Maverick SOB,('to', 'shift', 'all'),1
Maverick SOB,('shift', 'all', 'this'),1
Maverick SOB,('all', 'this', 'stolen'),1
Maverick SOB,('this', 'stolen', 'gear'),1
Maverick SOB,('stolen', 'gear', '.'),1
Maverick SOB,('gear', '.', 'There'),1
Maverick SOB,('.', 'There', "'s"),1
Maverick SOB,('There', "'s", 'so'),1
Maverick SOB,("'s", 'so', 'much'),1
Maverick SOB,('so', 'much', 'of'),1
Maverick SOB,('much', 'of', 'it'),1
Maverick SOB,('of', 'it', '.'),1
Maverick SOB,('it', '.', 'The'),1
Maverick SOB,('.', 'The', 'team'),1
Maverick SOB,('The', 'team', 'have'),1
Maverick SOB,('team', 'have', 'been'),1
Maverick SOB,('have', 'been', 'busy'),1
Maverick SOB,('been', 'busy', 'little'),1
Maverick SOB,('busy', 'little', 'bees'),1
Maverick SOB,('little', 'bees', '≡ƒÉ¥'),1
Maverick SOB,('bees', '≡ƒÉ¥', 'nan'),1
Maverick SOB,('≡ƒÉ¥', 'nan', 'nan'),1
Maverick SOB,('nan', 'nan', 'What'),1
Maverick SOB,('nan', 'What', 'can'),1
Maverick SOB,('What', 'can', 'you'),1
Maverick SOB,('can', 'you', 'offer'),1
Maverick SOB,('you', 'offer', 'me'),1
Maverick SOB,('offer', 'me', '?'),1
Maverick SOB,('me', '?', 'nan'),1
Maverick SOB,('?', 'nan', 'nan'),2
Maverick SOB,('nan', 'nan', 'Spicy'),1
Maverick SOB,('nan', 'Spicy', '?'),1
Maverick SOB,('Spicy', '?', 'nan'),1
Maverick SOB,('?', 'nan', 'Snowy'),1
Maverick SOB,('nan', 'Snowy', '≡ƒî¿'),1
Maverick SOB,('Snowy', '≡ƒî¿', 'out'),1
Maverick SOB,('≡ƒî¿', 'out', 'nan'),1
Maverick SOB,('out', 'nan', 'Want'),1
Maverick SOB,('nan', 'Want', 'to'),2
Maverick SOB,('Want', 'to', 'buy'),2
Maverick SOB,('to', 'buy', 'some'),1
Maverick SOB,('buy', 'some', 'candlesticks'),1
Maverick SOB,('some', 'candlesticks', '?'),1
Maverick SOB,('candlesticks', '?', 'nan'),1
Maverick SOB,('?', 'nan', 'I'),1
Maverick SOB,('nan', 'I', 'pay'),1
Maverick SOB,('I', 'pay', '...'),1
Maverick SOB,('pay', '...', 'nan'),1
Maverick SOB,('...', 'nan', '('),1
Maverick SOB,('nan', '(', 'smiley'),1
Maverick SOB,('(', 'smiley', ')'),1
Maverick SOB,('smiley', ')', 'OK'),1
Maverick SOB,(')', 'OK', 'will'),1
Maverick SOB,('OK', 'will', 'be'),1
Maverick SOB,('will', 'be', 'careful'),1
Maverick SOB,('be', 'careful', '...'),1
Maverick SOB,('careful', '...', 'nan'),1
Maverick SOB,('...', 'nan', '500kr'),1
Maverick SOB,('nan', '500kr', 'Your'),1
Maverick SOB,('500kr', 'Your', 'loss'),1
Maverick SOB,('Your', 'loss', ','),1
Maverick SOB,('loss', ',', 'not'),1
Maverick SOB,(',', 'not', 'mine'),1
Maverick SOB,('not', 'mine', '.'),1
Maverick SOB,('mine', '.', 'You'),1
Maverick SOB,('.', 'You', 'photo'),1
Maverick SOB,('You', 'photo', 'bombed'),1
Maverick SOB,('photo', 'bombed', '?'),1
Maverick SOB,('bombed', '?', 'nan'),1
Maverick SOB,('?', 'nan', 'Want'),1
Maverick SOB,('to', 'buy', '?'),1
Maverick SOB,('buy', '?', 'nan'),1
Maverick SOB,('nan', 'nan', 'Yes'),1
Maverick SOB,('nan', 'Yes', 'they'),1
Maverick SOB,('Yes', 'they', 'were'),1
Maverick SOB,('they', 'were', 'my'),1
Maverick SOB,('were', 'my', 'grandma'),1
Maverick SOB,('my', 'grandma', "'s"),1
Maverick SOB,('grandma', "'s", 'of'),1
Maverick SOB,("'s", 'of', 'course'),1
Maverick SOB,('of', 'course', '...'),1
Maverick SOB,('course', '...', '\\nDude'),1
Maverick SOB,('...', '\\nDude', 'like'),1
Maverick SOB,('\\nDude', 'like', 'I'),1
Maverick SOB,('like', 'I', "'m"),1
Maverick SOB,('I', "'m", 'really'),1
Maverick SOB,("'m", 'really', 'going'),1
Maverick SOB,('really', 'going', 'to'),1
Maverick SOB,('going', 'to', 'admit'),1
Maverick SOB,('to', 'admit', 'it'),1
Maverick SOB,('admit', 'it', "'s"),1
Maverick SOB,('it', "'s", 'all'),1
Maverick SOB,("'s", 'all', 'stolen'),1
Maverick SOB,('all', 'stolen', 'gear'),1
Maverick SOB,('stolen', 'gear', '?'),1
Maverick SOB,('gear', '?', 'Seriously'),1
Maverick SOB,('?', 'Seriously', '?'),1
Maverick SOB,('Seriously', '?', '?'),1
Maverick SOB,('?', '?', 'nan'),2
Maverick SOB,('?', 'nan', 'Meet'),1
Maverick SOB,('nan', 'Meet', 'me'),1
Maverick SOB,('Meet', 'me', 'in'),1
Maverick SOB,('me', 'in', 'town'),1
Maverick SOB,('in', 'town', 'nan'),1
Maverick SOB,('town', 'nan', 'Maybe'),1
Maverick SOB,('nan', 'Maybe', '....'),1
Maverick SOB,('Maybe', '....', '\\nWhat'),1
Maverick SOB,('....', '\\nWhat', 'u'),1
Maverick SOB,('\\nWhat', 'u', 'looking'),1
Maverick SOB,('u', 'looking', 'for'),1
Maverick SOB,('looking', 'for', '?'),1
Maverick SOB,('for', '?', '?'),1
Maverick SOB,('?', 'nan', 'Like'),1
Maverick SOB,('nan', 'Like', 'this'),1
Maverick SOB,('Like', 'this', 'you'),1
Maverick SOB,('this', 'you', 'mean'),1
Maverick SOB,('you', 'mean', '?'),1
Maverick SOB,('mean', '?', '10,000kr'),1
Maverick SOB,('?', '10,000kr', '8000kr'),1
Maverick.4444,('No', 'thanks', 'Should'),1
Maverick.4444,('thanks', 'Should', 'u'),1
Maverick.4444,('Should', 'u', 'be'),1
Maverick.4444,('u', 'be', 'using'),1
Maverick.4444,('be', 'using', 'this'),1
Maverick.4444,('using', 'this', 'channel'),1
Maverick.4444,('this', 'channel', '?'),1
Mike.Jonson,('Yet', 'maybe', 'not'),1
Mike.Jonson,('maybe', 'not', 'smart'),1
Mike.Jonson,('not', 'smart', '.'),1
Mike.Jonson,('smart', '.', 'Good'),1
Mike.Jonson,('.', 'Good', 'point'),1
Mike.Jonson,('Good', 'point', '.'),1
Mike.Jonson,('point', '.', 'nan'),1
Mike.Jonson,('.', 'nan', 'So'),1
Mike.Jonson,('nan', 'So', 'what'),1
Mike.Jonson,('So', 'what', "'s"),1
Mike.Jonson,('what', "'s", 'up'),1
Mike.Jonson,("'s", 'up', 'dog'),1
Mike.Jonson,('up', 'dog', '?'),1
Mike.Jonson,('dog', '?', 'Hi'),1
Mike.Jonson,('?', 'Hi', 'Sadie'),1
Mike.Jonson,('Hi', 'Sadie', '.'),1
Mike.Jonson,('Sadie', '.', 'I'),1
Mike.Jonson,('.', 'I', 'am'),2
Mike.Jonson,('I', 'am', 'shy'),1
Mike.Jonson,('am', 'shy', '.'),1
Mike.Jonson,('shy', '.', 'No'),1
Mike.Jonson,('.', 'No', 'sorry'),1
Mike.Jonson,('No', 'sorry', '.'),1
Mike.Jonson,('sorry', '.', 'I'),1
Mike.Jonson,('.', 'I', 'do'),1
Mike.Jonson,('I', 'do', "n't"),3
Mike.Jonson,('do', "n't", 'know'),2
Mike.Jonson,("n't", 'know', 'many'),1
Mike.Jonson,('know', 'many', 'ladies'),1
Mike.Jonson,('many', 'ladies', '.'),1
Mike.Jonson,('ladies', '.', 'This'),1
Mike.Jonson,('.', 'This', 'is'),2
Mike.Jonson,('This', 'is', 'a'),1
Mike.Jonson,('is', 'a', 'wild'),1
Mike.Jonson,('a', 'wild', 'guess'),1
Mike.Jonson,('wild', 'guess', 'but'),1
Mike.Jonson,('guess', 'but', 'do'),1
Mike.Jonson,('but', 'do', 'you'),1
Mike.Jonson,('do', 'you', 'have'),1
Mike.Jonson,('you', 'have', 'a'),1
Mike.Jonson,('have', 'a', 'roomie'),1
Mike.Jonson,('a', 'roomie', '...'),1
Mike.Jonson,('roomie', '...', '?'),1
Mike.Jonson,('...', '?', 'Bingo'),1
Mike.Jonson,('?', 'Bingo', 'buzzword'),1
Mike.Jonson,('Bingo', 'buzzword', 'quarantine'),1
Mike.Jonson,('buzzword', 'quarantine', 'and'),1
Mike.Jonson,('quarantine', 'and', 'social'),1
Mike.Jonson,('and', 'social', 'distance'),1
Mike.Jonson,('social', 'distance', '?'),1
Mike.Jonson,('distance', '?', 'What'),1
Mike.Jonson,('?', 'What', 'do'),1
Mike.Jonson,('What', 'do', 'u'),1
Mike.Jonson,('do', 'u', 'like'),1
Mike.Jonson,('u', 'like', 'to'),1
Mike.Jonson,('like', 'to', 'do'),1
Mike.Jonson,('to', 'do', 'to'),1
Mike.Jonson,('do', 'to', 'kill'),1
Mike.Jonson,('to', 'kill', 'time'),1
Mike.Jonson,('kill', 'time', '?'),1
Mike.Jonson,('time', '?', 'What'),1
Mike.Jonson,('?', 'What', 'sort'),1
Mike.Jonson,('What', 'sort', 'of'),1
Mike.Jonson,('sort', 'of', '\\humans\\'),1
Mike.Jonson,('of', '\\humans\\', "''"),1
Mike.Jonson,('\\humans\\', "''", 'are'),1
Mike.Jonson,("''", 'are', 'you'),1
Mike.Jonson,('are', 'you', 'in'),1
Mike.Jonson,('you', 'in', '2'),1
Mike.Jonson,('in', '2', '?'),1
Mike.Jonson,('2', '?', "''"),1
Mike.Jonson,('?', "''", 'Do'),1
Mike.Jonson,("''", 'Do', 'you'),1
Mike.Jonson,('Do', 'you', 'want'),1
Mike.Jonson,('you', 'want', 'to'),2
Mike.Jonson,('want', 'to', 'ask'),1
Mike.Jonson,('to', 'ask', 'me'),1
Mike.Jonson,('ask', 'me', 'a'),1
Mike.Jonson,('me', 'a', 'serious'),1
Mike.Jonson,('a', 'serious', 'question'),1
Mike.Jonson,('serious', 'question', '?'),1
Mike.Jonson,('question', '?', 'Talk'),1
Mike.Jonson,('?', 'Talk', 'to'),1
Mike.Jonson,('Talk', 'to', 'chat'),1
Mike.Jonson,('to', 'chat', 'bots'),1
Mike.Jonson,('chat', 'bots', 'who'),1
Mike.Jonson,('bots', 'who', 'will'),1
Mike.Jonson,('who', 'will', 'attempt'),1
Mike.Jonson,('will', 'attempt', 'to'),1
Mike.Jonson,('attempt', 'to', 'compromise'),1
Mike.Jonson,('to', 'compromise', 'me'),1
Mike.Jonson,('compromise', 'me', 'The'),1
Mike.Jonson,('me', 'The', 'sort'),1
Mike.Jonson,('The', 'sort', 'who'),1
Mike.Jonson,('sort', 'who', 'manipulate'),1
Mike.Jonson,('who', 'manipulate', 'me'),1
Mike.Jonson,('manipulate', 'me', '.'),1
Mike.Jonson,('me', '.', 'Sure'),1
Mike.Jonson,('.', 'Sure', '.'),1
Mike.Jonson,('Sure', '.', 'I'),1
Mike.Jonson,('.', 'I', 'guess'),1
Mike.Jonson,('I', 'guess', 'it'),1
Mike.Jonson,('guess', 'it', 'will'),1
Mike.Jonson,('it', 'will', 'be'),1
Mike.Jonson,('will', 'be', 'something'),1
Mike.Jonson,('be', 'something', 'naughty'),1
Mike.Jonson,('something', 'naughty', 'now'),1
Mike.Jonson,('naughty', 'now', '?'),1
Mike.Jonson,('now', '?', 'Nope'),1
Mike.Jonson,('?', 'Nope', '.'),1
Mike.Jonson,('Nope', '.', 'I'),1
Mike.Jonson,('I', 'am', 'useless'),1
Mike.Jonson,('am', 'useless', 'in'),1
Mike.Jonson,('useless', 'in', 'bed'),1
Mike.Jonson,('in', 'bed', '.'),1
Mike.Jonson,('bed', '.', 'How'),1
Mike.Jonson,('.', 'How', 'exciting'),1
Mike.Jonson,('How', 'exciting', 'from'),1
Mike.Jonson,('exciting', 'from', 'a'),1
Mike.Jonson,('from', 'a', 'complete'),1
Mike.Jonson,('a', 'complete', 'stranger'),1
Mike.Jonson,('complete', 'stranger', 'I'),1
Mike.Jonson,('stranger', 'I', 'do'),1
Mike.Jonson,("n't", 'know', '.'),1
Mike.Jonson,('know', '.', 'This'),1
Mike.Jonson,('This', 'is', 'all'),1
Mike.Jonson,('is', 'all', 'a'),1
Mike.Jonson,('all', 'a', 'bit'),1
Mike.Jonson,('a', 'bit', 'new'),1
Mike.Jonson,('bit', 'new', 'and'),1
Mike.Jonson,('new', 'and', 'confusing'),1
Mike.Jonson,('and', 'confusing', 'to'),1
Mike.Jonson,('confusing', 'to', 'me'),1
Mike.Jonson,('to', 'me', '...'),1
Mike.Jonson,('me', '...', 'I'),1
Mike.Jonson,('...', 'I', 'do'),1
Mike.Jonson,('do', "n't", 'mind'),1
Mike.Jonson,("n't", 'mind', 'Yes'),1
Mike.Jonson,('mind', 'Yes', 'please'),1
Mike.Jonson,('Yes', 'please', 'and'),1
Mike.Jonson,('please', 'and', 'thank'),1
Mike.Jonson,('and', 'thank', 'you'),1
Mike.Jonson,('thank', 'you', 'Yes'),1
Mike.Jonson,('you', 'Yes', 'I'),1
Mike.Jonson,('Yes', 'I', 'need'),1
Mike.Jonson,('I', 'need', 'it'),1
Mike.Jonson,('need', 'it', '.'),1
Mike.Jonson,('it', '.', 'With'),1
Mike.Jonson,('.', 'With', 'sugar'),1
Mike.Jonson,('With', 'sugar', 'on'),1
Mike.Jonson,('sugar', 'on', 'top'),1
Mike.Jonson,('on', 'top', '.'),1
Mike.Jonson,('top', '.', 'Oh'),1
Mike.Jonson,('.', 'Oh', 'wow'),1
Mike.Jonson,('Oh', 'wow', '.'),1
Mike.Jonson,('wow', '.', 'Thank'),1
Mike.Jonson,('.', 'Thank', 'you'),1
Mike.Jonson,('Thank', 'you', 'so'),1
Mike.Jonson,('you', 'so', 'much'),1
Mike.Jonson,('so', 'much', '.'),1
Mike.Jonson,('much', '.', 'So'),1
Mike.Jonson,('.', 'So', 'now'),1
Mike.Jonson,('So', 'now', 'what'),1
Mike.Jonson,('now', 'what', 'do'),1
Mike.Jonson,('what', 'do', 'I'),1
Mike.Jonson,('do', 'I', 'do'),1
Mike.Jonson,('I', 'do', '?'),1
Mike.Jonson,('do', '?', 'Oh'),1
Mike.Jonson,('?', 'Oh', 'no'),1
Mike.Jonson,('Oh', 'no', 'have'),1
Mike.Jonson,('no', 'have', 'I'),1
Mike.Jonson,('have', 'I', 'lost'),1
Mike.Jonson,('I', 'lost', 'you'),1
Mike.Jonson,('lost', 'you', 'already'),1
Mike.Jonson,('you', 'already', '?'),1
Mike.Jonson,('already', '?', '?'),1
Mike.Jonson,('?', '?', '?'),1
Mike.Jonson,('?', '?', 'Look'),1
Mike.Jonson,('?', 'Look', 'longingly'),1
Mike.Jonson,('Look', 'longingly', 'at'),1
Mike.Jonson,('longingly', 'at', 'you'),1
Mike.Jonson,('at', 'you', 'Yes'),1
Mike.Jonson,('you', 'Yes', 'Thank'),1
Mike.Jonson,('Yes', 'Thank', 'you'),1
Mike.Jonson,('Thank', 'you', 'Ok'),1
Mike.Jonson,('you', 'Ok', 'what'),1
Mike.Jonson,('Ok', 'what', 'do'),1
Mike.Jonson,('what', 'do', 'you'),1
Mike.Jonson,('do', 'you', 'want'),1
Mike.Jonson,('want', 'to', 'see'),1
Mike.Jonson,('to', 'see', '?'),1
Mike.Jonson,('see', '?', 'Ok'),1
Mike.Jonson,('?', 'Ok', 'That'),1
Mike.Jonson,('Ok', 'That', "'s"),1
Mike.Jonson,('That', "'s", 'your'),1
Mike.Jonson,("'s", 'your', 'back'),1
Mike.Jonson,('your', 'back', 'side'),1
Mike.Jonson,('back', 'side', '?'),1
Telegram,('Telegram', 'surpassed', '500'),1
Telegram,('surpassed', '500', 'million'),1
Telegram,('500', 'million', 'active'),1
Telegram,('million', 'active', 'users'),1
Telegram,('active', 'users', '.'),1
Telegram,('users', '.', '\\n'),1
Telegram,('.', '\\n', '\\nIn'),1
Telegram,('\\n', '\\nIn', '2021'),1
Telegram,('\\nIn', '2021', ','),1
Telegram,('2021', ',', 'more'),1
Telegram,(',', 'more', 'than'),1
Telegram,('more', 'than', '150'),1
Telegram,('than', '150', 'million'),1
Telegram,('150', 'million', 'new'),1
Telegram,('million', 'new', 'users'),1
Telegram,('new', 'users', 'from'),1
Telegram,('users', 'from', 'around'),1
Telegram,('from', 'around', 'the'),1
Telegram,('around', 'the', 'world'),1
Telegram,('the', 'world', 'joined'),1
Telegram,('world', 'joined', 'Telegram.\\n\\nThank'),1
Telegram,('joined', 'Telegram.\\n\\nThank', 'you'),1
Telegram,('Telegram.\\n\\nThank', 'you', '!'),1
Telegram,('you', '!', 'These'),1
Telegram,('!', 'These', 'milestones'),1
Telegram,('These', 'milestones', 'were'),1
Telegram,('milestones', 'were', 'made'),1
Telegram,('were', 'made', 'possible'),1
Telegram,('made', 'possible', 'by'),1
Telegram,('possible', 'by', 'users'),1
Telegram,('by', 'users', 'like'),1
Telegram,('users', 'like', 'you'),1
Telegram,('like', 'you', 'who'),1
Telegram,('you', 'who', 'invite'),1
Telegram,('who', 'invite', 'their'),1
Telegram,('invite', 'their', 'friends'),1
Telegram,('their', 'friends', 'to'),1
Telegram,('friends', 'to', 'Telegram'),1
Telegram,('to', 'Telegram', '.'),1
Telegram,('Telegram', '.', '\\n\\nIf'),1
Telegram,('.', '\\n\\nIf', 'you'),1
Telegram,('\\n\\nIf', 'you', 'have'),1
Telegram,('you', 'have', 'contacts'),1
Telegram,('have', 'contacts', 'that'),1
Telegram,('contacts', 'that', 'joined'),1
Telegram,('that', 'joined', 'in'),1
Telegram,('joined', 'in', 'the'),1
Telegram,('in', 'the', 'last'),1
Telegram,('the', 'last', 'few'),1
Telegram,('last', 'few', 'days'),1
Telegram,('few', 'days', ','),1
Telegram,('days', ',', 'you'),1
Telegram,(',', 'you', 'can'),1
Telegram,('you', 'can', 'welcome'),1
Telegram,('can', 'welcome', 'them'),1
Telegram,('welcome', 'them', 'using'),1
Telegram,('them', 'using', 'one'),1
Telegram,('using', 'one', 'of'),1
Telegram,('one', 'of', 'TelegramΓÇÖs'),1
Telegram,('of', 'TelegramΓÇÖs', 'unique'),1
Telegram,('TelegramΓÇÖs', 'unique', 'features'),1
Telegram,('unique', 'features', ','),1
Telegram,('features', ',', 'such'),1
Telegram,(',', 'such', 'as'),1
Telegram,('such', 'as', 'an'),1
Telegram,('as', 'an', 'animated'),1
Telegram,('an', 'animated', 'sticker'),1
Telegram,('animated', 'sticker', 'or'),1
Telegram,('sticker', 'or', 'a'),1
Telegram,('or', 'a', 'video'),1
Telegram,('a', 'video', 'message.\\n\\nTo'),1
Telegram,('video', 'message.\\n\\nTo', 'find'),1
Telegram,('message.\\n\\nTo', 'find', 'out'),1
Telegram,('find', 'out', 'more'),1
Telegram,('out', 'more', 'about'),1
Telegram,('more', 'about', 'Telegram'),1
Telegram,('about', 'Telegram', 'features'),1
Telegram,('Telegram', 'features', ','),1
Telegram,('features', ',', 'have'),1
Telegram,(',', 'have', 'a'),1
Telegram,('have', 'a', 'look'),1
Telegram,('a', 'look', 'at'),1
Telegram,('look', 'at', 'https'),1
Telegram,('at', 'https', ':'),1
Telegram,('https', ':', '//t.me/TelegramTips/233'),1
Telegram,(':', '//t.me/TelegramTips/233', 'Voice'),1
Telegram,('//t.me/TelegramTips/233', 'Voice', 'Chats'),1
Telegram,('Voice', 'Chats', '2.0'),1
Telegram,('Chats', '2.0', ':'),1
Telegram,('2.0', ':', 'Channels'),1
Telegram,(':', 'Channels', ','),1
Telegram,('Channels', ',', 'Millions'),1
Telegram,(',', 'Millions', 'of'),1
Telegram,('Millions', 'of', 'Listeners'),1
Telegram,('of', 'Listeners', ','),1
Telegram,('Listeners', ',', 'Recorded'),1
Telegram,(',', 'Recorded', 'Chats'),1
Telegram,('Recorded', 'Chats', ','),1
Telegram,('Chats', ',', 'Admin'),1
Telegram,(',', 'Admin', 'Tools\\n\\nMillions'),1
Telegram,('Admin', 'Tools\\n\\nMillions', 'of'),1
Telegram,('Tools\\n\\nMillions', 'of', 'Concurrent'),1
Telegram,('of', 'Concurrent', 'Listeners\\nΓÇó'),1
Telegram,('Concurrent', 'Listeners\\nΓÇó', 'Start'),1
Telegram,('Listeners\\nΓÇó', 'Start', 'limitless'),1
Telegram,('Start', 'limitless', 'Voice'),1
Telegram,('limitless', 'Voice', 'Chats'),1
Telegram,('Voice', 'Chats', 'in'),1
Telegram,('Chats', 'in', 'Groups'),1
Telegram,('in', 'Groups', 'and'),1
Telegram,('Groups', 'and', 'Channels.\\nΓÇó'),1
Telegram,('and', 'Channels.\\nΓÇó', 'Host'),1
Telegram,('Channels.\\nΓÇó', 'Host', 'discussions'),1
Telegram,('Host', 'discussions', 'that'),1
Telegram,('discussions', 'that', 'can'),1
Telegram,('that', 'can', 'be'),1
Telegram,('can', 'be', 'listened'),1
Telegram,('be', 'listened', 'to'),1
Telegram,('listened', 'to', 'by'),1
Telegram,('to', 'by', 'millions'),1
Telegram,('by', 'millions', 'of'),1
Telegram,('millions', 'of', 'people'),1
Telegram,('of', 'people', 'simultaneously.\\n\\nVoice'),1
Telegram,('people', 'simultaneously.\\n\\nVoice', 'Chat'),1
Telegram,('simultaneously.\\n\\nVoice', 'Chat', 'Recordings\\nΓÇó'),1
Telegram,('Chat', 'Recordings\\nΓÇó', 'Record'),1
Telegram,('Recordings\\nΓÇó', 'Record', 'voice'),1
Telegram,('Record', 'voice', 'chats'),1
Telegram,('voice', 'chats', 'to'),1
Telegram,('chats', 'to', 'share'),1
Telegram,('to', 'share', 'or'),1
Telegram,('share', 'or', 'publish'),1
Telegram,('or', 'publish', 'in'),1
Telegram,('publish', 'in', 'Channels'),1
Telegram,('in', 'Channels', 'later.\\nΓÇó'),1
Telegram,('Channels', 'later.\\nΓÇó', 'See'),1
Telegram,('later.\\nΓÇó', 'See', 'that'),1
Telegram,('See', 'that', 'a'),1
Telegram,('that', 'a', 'chat'),1
Telegram,('a', 'chat', 'is'),1
Telegram,('chat', 'is', 'being'),1
Telegram,('is', 'being', 'recorded'),1
Telegram,('being', 'recorded', 'from'),1
Telegram,('recorded', 'from', 'the'),1
Telegram,('from', 'the', 'red'),1
Telegram,('the', 'red', 'dot'),1
Telegram,('red', 'dot', 'next'),1
Telegram,('dot', 'next', 'to'),1
Telegram,('next', 'to', 'its'),1
Telegram,('to', 'its', 'title.\\n\\nImproved'),1
Telegram,('its', 'title.\\n\\nImproved', 'List'),1
Telegram,('title.\\n\\nImproved', 'List', 'of'),1
Telegram,('List', 'of', 'Participants\\nΓÇó'),1
Telegram,('of', 'Participants\\nΓÇó', 'See'),1
Telegram,('Participants\\nΓÇó', 'See', 'user'),1
Telegram,('See', 'user', 'bio'),1
Telegram,('user', 'bio', 'texts'),1
Telegram,('bio', 'texts', 'right'),1
Telegram,('texts', 'right', 'from'),1
Telegram,('right', 'from', 'the'),1
Telegram,('from', 'the', 'list'),1
Telegram,('the', 'list', 'of'),1
Telegram,('list', 'of', 'participants.\\nΓÇó'),1
Telegram,('of', 'participants.\\nΓÇó', 'Raise'),1
Telegram,('participants.\\nΓÇó', 'Raise', 'your'),1
Telegram,('Raise', 'your', 'hand'),1
Telegram,('your', 'hand', 'to'),1
Telegram,('hand', 'to', 'show'),1
Telegram,('to', 'show', 'admins'),1
Telegram,('show', 'admins', 'you'),1
Telegram,('admins', 'you', 'want'),1
Telegram,('you', 'want', 'to'),1
Telegram,('want', 'to', 'speak.\\n\\nTools'),1
Telegram,('to', 'speak.\\n\\nTools', 'for'),1
Telegram,('speak.\\n\\nTools', 'for', 'Organizers\\nΓÇó'),1
Telegram,('for', 'Organizers\\nΓÇó', 'Create'),1
Telegram,('Organizers\\nΓÇó', 'Create', 'separate'),1
Telegram,('Create', 'separate', 'Voice'),1
Telegram,('separate', 'Voice', 'Chat'),1
Telegram,('Voice', 'Chat', 'Invite'),1
Telegram,('Chat', 'Invite', 'Links'),1
Telegram,('Invite', 'Links', 'for'),1
Telegram,('Links', 'for', 'listeners'),1
Telegram,('for', 'listeners', 'or'),1
Telegram,('listeners', 'or', 'speakers.\\nΓÇó'),1
Telegram,('or', 'speakers.\\nΓÇó', 'Change'),1
Telegram,('speakers.\\nΓÇó', 'Change', 'the'),1
Telegram,('Change', 'the', 'title'),1
Telegram,('the', 'title', 'of'),1
Telegram,('title', 'of', 'your'),1
Telegram,('of', 'your', 'Voice'),1
Telegram,('your', 'Voice', 'Chat'),1
Telegram,('Voice', 'Chat', 'to'),1
Telegram,('Chat', 'to', 'give'),1
Telegram,('to', 'give', 'people'),1
Telegram,('give', 'people', 'an'),1
Telegram,('people', 'an', 'idea'),1
Telegram,('an', 'idea', 'of'),1
Telegram,('idea', 'of', 'the'),1
Telegram,('of', 'the', 'current'),1
Telegram,('the', 'current', 'topic.\\nΓÇó'),1
Telegram,('current', 'topic.\\nΓÇó', 'Join'),1
Telegram,('topic.\\nΓÇó', 'Join', 'Voice'),1
Telegram,('Join', 'Voice', 'Chats'),1
Telegram,('Voice', 'Chats', 'as'),1
Telegram,('Chats', 'as', 'one'),1
Telegram,('as', 'one', 'of'),1
Telegram,('one', 'of', 'your'),1
Telegram,('of', 'your', 'Channels'),1
Telegram,('your', 'Channels', 'to'),1
Telegram,('Channels', 'to', 'hide'),1
Telegram,('to', 'hide', 'your'),1
Telegram,('hide', 'your', 'personal'),1
Telegram,('your', 'personal', 'account.\\n\\nSwipe'),1
Telegram,('personal', 'account.\\n\\nSwipe', 'Action'),1
Telegram,('account.\\n\\nSwipe', 'Action', 'Settings\\nΓÇó'),1
Telegram,('Action', 'Settings\\nΓÇó', 'Choose'),1
Telegram,('Settings\\nΓÇó', 'Choose', 'which'),1
Telegram,('Choose', 'which', 'action'),1
Telegram,('which', 'action', 'is'),1
Telegram,('action', 'is', 'performed'),1
Telegram,('is', 'performed', 'when'),1
Telegram,('performed', 'when', 'you'),1
Telegram,('when', 'you', 'swipe'),1
Telegram,('you', 'swipe', 'left'),1
Telegram,('swipe', 'left', 'on'),1
Telegram,('left', 'on', 'a'),1
Telegram,('on', 'a', 'chat'),1
Telegram,('a', 'chat', 'in'),1
Telegram,('chat', 'in', 'your'),1
Telegram,('in', 'your', 'list'),1
Telegram,('your', 'list', ':'),1
Telegram,('list', ':', 'Pin'),1
Telegram,(':', 'Pin', ','),1
Telegram,('Pin', ',', 'Mark'),1
Telegram,(',', 'Mark', 'as'),1
Telegram,('Mark', 'as', 'Read'),1
Telegram,('as', 'Read', ','),1
Telegram,('Read', ',', 'Archive'),1
Telegram,(',', 'Archive', ','),1
Telegram,('Archive', ',', 'Mute'),1
Telegram,(',', 'Mute', 'or'),1
Telegram,('Mute', 'or', 'Delete.\\n\\nMore'),1
Telegram,('or', 'Delete.\\n\\nMore', 'about'),1
Telegram,('Delete.\\n\\nMore', 'about', 'this'),1
Telegram,('about', 'this', 'update'),1
Telegram,('this', 'update', ':'),1
Telegram,('update', ':', '\\nhttps'),1
Telegram,(':', '\\nhttps', ':'),1
Telegram,('\\nhttps', ':', '//telegram.org/blog/voice-chats-on-steroids'),1
blondtrip24,('Do', 'u', 'recognize'),1
blondtrip24,('u', 'recognize', 'me'),1
blondtrip24,('recognize', 'me', '?'),1
blondtrip24,('me', '?', 'iono'),1
blondtrip24,('?', 'iono', 'how'),1
blondtrip24,('iono', 'how', 'i'),1
blondtrip24,('how', 'i', 'have'),1
blondtrip24,('i', 'have', 'your'),1
blondtrip24,('have', 'your', 'num'),1
blondtrip24,('your', 'num', 'in'),1
blondtrip24,('num', 'in', 'my'),1
blondtrip24,('in', 'my', 'contacts'),1
blondtrip24,('my', 'contacts', 'but'),1
blondtrip24,('contacts', 'but', 'it'),1
blondtrip24,('but', 'it', 'recommended'),1
blondtrip24,('it', 'recommended', 'I'),1
blondtrip24,('recommended', 'I', 'add'),1
blondtrip24,('I', 'add', 'ya'),1
blondtrip24,('add', 'ya', ','),1
blondtrip24,('ya', ',', ','),1
blondtrip24,(',', ',', ','),1
blondtrip24,(',', ',', 'My'),1
blondtrip24,(',', 'My', 'girl'),1
blondtrip24,('My', 'girl', 'and'),1
blondtrip24,('girl', 'and', 'i'),1
blondtrip24,('and', 'i', 'going'),1
blondtrip24,('i', 'going', 'nutty'),1
blondtrip24,('going', 'nutty', 'over'),1
blondtrip24,('nutty', 'over', 'here'),1
blondtrip24,('over', 'here', 'with'),1
blondtrip24,('here', 'with', 'this'),1
blondtrip24,('with', 'this', 'social'),1
blondtrip24,('this', 'social', 'isolation'),1
blondtrip24,('social', 'isolation', 'and'),1
blondtrip24,('isolation', 'and', 'quarantine'),1
blondtrip24,('and', 'quarantine', ','),1
blondtrip24,('quarantine', ',', ','),1
blondtrip24,(',', ',', 'so'),1
blondtrip24,(',', 'so', 'what'),1
blondtrip24,('so', 'what', 'r'),1
blondtrip24,('what', 'r', 'you'),1
blondtrip24,('r', 'you', 'doin'),1
blondtrip24,('you', 'doin', '?'),1
blondtrip24,('doin', '?', 'What'),1
blondtrip24,('?', 'What', 'do'),1
blondtrip24,('What', 'do', 'you'),1
blondtrip24,('do', 'you', 'like'),1
blondtrip24,('you', 'like', 'to'),1
blondtrip24,('like', 'to', 'do'),1
blondtrip24,('to', 'do', 'to'),1
blondtrip24,('do', 'to', 'stay'),1
blondtrip24,('to', 'stay', 'sane'),1
blondtrip24,('stay', 'sane', '?'),1
blondtrip24,('sane', '?', 'What'),1
blondtrip24,('?', 'What', 'sorta'),1
blondtrip24,('What', 'sorta', 'woman'),1
blondtrip24,('sorta', 'woman', 'are'),1
blondtrip24,('woman', 'are', 'you'),1
blondtrip24,('are', 'you', 'in'),1
blondtrip24,('you', 'in', '2'),1
blondtrip24,('in', '2', '?'),1
blondtrip24,('2', '?', 'im'),1
blondtrip24,('?', 'im', 'not'),1
blondtrip24,('im', 'not', 'a'),1
blondtrip24,('not', 'a', 'bot'),1
blondtrip24,('a', 'bot', 'but'),1
blondtrip24,('bot', 'but', 'you'),1
blondtrip24,('but', 'you', "'re"),1
blondtrip24,('you', "'re", 'getting'),1
blondtrip24,("'re", 'getting', 'weird'),1
blondtrip24,('getting', 'weird', 'so'),1
blondtrip24,('weird', 'so', '...'),1
blondtrip24,('so', '...', 'whatever'),1
blondtrip24,('...', 'whatever', '..'),1
blondtrip24,('whatever', '..', 'Suppose'),1
blondtrip24,('..', 'Suppose', 'I'),1
blondtrip24,('Suppose', 'I', 'ask'),1
blondtrip24,('I', 'ask', 'ya'),1
blondtrip24,('ask', 'ya', 'a'),1
blondtrip24,('ya', 'a', 'straightforward'),1
blondtrip24,('a', 'straightforward', 'question'),1
blondtrip24,('straightforward', 'question', '?'),1
blondtrip24,('question', '?', 'I'),1
blondtrip24,('?', 'I', 'like'),1
blondtrip24,('I', 'like', 'a'),1
blondtrip24,('like', 'a', 'someone'),1
blondtrip24,('a', 'someone', 'who'),1
blondtrip24,('someone', 'who', 'knows'),1
blondtrip24,('who', 'knows', 'how'),1
blondtrip24,('knows', 'how', 'to'),1
blondtrip24,('how', 'to', 'satisfy'),1
blondtrip24,('to', 'satisfy', 'a'),1
blondtrip24,('satisfy', 'a', 'lady'),1
blondtrip24,('a', 'lady', '..'),1
blondtrip24,('lady', '..', 'Have'),1
blondtrip24,('..', 'Have', 'you'),1
blondtrip24,('Have', 'you', 'ever'),1
blondtrip24,('you', 'ever', 'made'),1
blondtrip24,('ever', 'made', 'a'),1
blondtrip24,('made', 'a', 'woman'),1
blondtrip24,('a', 'woman', 'orgasm'),1
blondtrip24,('woman', 'orgasm', ';'),1
blondtrip24,('orgasm', ';', 'X'),1
blondtrip24,(';', 'X', '?'),1
blondtrip24,('X', '?', 'haha'),1
blondtrip24,('?', 'haha', 'Wish'),1
blondtrip24,('haha', 'Wish', 'I'),1
blondtrip24,('Wish', 'I', 'could'),1
blondtrip24,('I', 'could', 'lay'),1
blondtrip24,('could', 'lay', 'there'),1
blondtrip24,('lay', 'there', 'next'),1
blondtrip24,('there', 'next', 'to'),1
blondtrip24,('next', 'to', 'you'),1
blondtrip24,('to', 'you', ';'),1
blondtrip24,('you', ';', ')'),1
blondtrip24,(';', ')', 'do'),1
blondtrip24,(')', 'do', 'ya'),1
blondtrip24,('do', 'ya', 'know'),1
blondtrip24,('ya', 'know', 'if'),1
blondtrip24,('know', 'if', 'you'),1
blondtrip24,('if', 'you', 'would'),1
blondtrip24,('you', 'would', 'get'),1
blondtrip24,('would', 'get', 'me'),1
blondtrip24,('get', 'me', 'to'),1
blondtrip24,('me', 'to', 'climax'),1
blondtrip24,('to', 'climax', '?'),1
blondtrip24,('climax', '?', 'lol'),1
blondtrip24,('?', 'lol', 'alright'),1
blondtrip24,('lol', 'alright', 'I'),1
blondtrip24,('alright', 'I', 'am'),1
blondtrip24,('I', 'am', 'into'),1
blondtrip24,('am', 'into', 'u.'),1
blondtrip24,('into', 'u.', 'do'),1
blondtrip24,('u.', 'do', 'u'),1
blondtrip24,('do', 'u', 'fancy'),1
blondtrip24,('u', 'fancy', 'gals'),1
blondtrip24,('fancy', 'gals', 'with'),1
blondtrip24,('gals', 'with', 'a'),1
blondtrip24,('with', 'a', 'bunch'),1
blondtrip24,('a', 'bunch', 'of'),1
blondtrip24,('bunch', 'of', 'tatoos'),1
blondtrip24,('of', 'tatoos', '?'),1
blondtrip24,('tatoos', '?', 'I'),1
blondtrip24,('?', 'I', "'m"),1
blondtrip24,('I', "'m", 'sorta'),1
blondtrip24,("'m", 'sorta', 'gettin'),1
blondtrip24,('sorta', 'gettin', 'a'),1
blondtrip24,('gettin', 'a', 'lil'),1
blondtrip24,('a', 'lil', 'horny'),1
blondtrip24,('lil', 'horny', 'haha'),1
blondtrip24,('horny', 'haha', '...'),1
blondtrip24,('haha', '...', 'u'),1
blondtrip24,('...', 'u', 'wan'),1
blondtrip24,('u', 'wan', 'na'),1
blondtrip24,('wan', 'na', 'see'),1
blondtrip24,('na', 'see', 'some'),1
blondtrip24,('see', 'some', 'more'),1
blondtrip24,('some', 'more', 'pix'),1
blondtrip24,('more', 'pix', '?'),1
blondtrip24,('pix', '?', 'tell'),1
blondtrip24,('?', 'tell', 'me'),1
blondtrip24,('tell', 'me', 'you'),1
blondtrip24,('me', 'you', 'need'),1
blondtrip24,('you', 'need', 'it'),1
blondtrip24,('need', 'it', 'sugar'),1
blondtrip24,('it', 'sugar', 'it'),1
blondtrip24,('sugar', 'it', 'gets'),1
blondtrip24,('it', 'gets', 'me'),1
blondtrip24,('gets', 'me', 'hot'),1
blondtrip24,('me', 'hot', '..'),1
blondtrip24,('hot', '..', 'nan'),1
blondtrip24,('..', 'nan', 'Tell'),1
blondtrip24,('nan', 'Tell', 'me'),1
blondtrip24,('Tell', 'me', 'what'),1
blondtrip24,('me', 'what', 'u'),1
blondtrip24,('what', 'u', "'d"),1
blondtrip24,('u', "'d", 'do'),1
blondtrip24,("'d", 'do', '2'),1
blondtrip24,('do', '2', 'me'),1
blondtrip24,('2', 'me', '...'),1
blondtrip24,('me', '...', 'u'),1
blondtrip24,('...', 'u', 'want'),2
blondtrip24,('u', 'want', 'to'),1
blondtrip24,('want', 'to', 'c'),1
blondtrip24,('to', 'c', 'more'),1
blondtrip24,('c', 'more', 'this'),1
blondtrip24,('more', 'this', 'time'),1
blondtrip24,('this', 'time', '?'),1
blondtrip24,('time', '?', '?'),1
blondtrip24,('?', '?', '?'),1
blondtrip24,('?', '?', 'nan'),1
blondtrip24,('?', 'nan', 'U'),1
blondtrip24,('nan', 'U', 'like'),1
blondtrip24,('U', 'like', 'that'),1
blondtrip24,('like', 'that', '?'),1
blondtrip24,('that', '?', 'Give'),1
blondtrip24,('?', 'Give', 'me'),1
blondtrip24,('Give', 'me', 'one'),1
blondtrip24,('me', 'one', 'of'),1
blondtrip24,('one', 'of', 'you'),1
blondtrip24,('of', 'you', '..'),1
blondtrip24,('you', '..', 'make'),1
blondtrip24,('..', 'make', 'it'),1
blondtrip24,('make', 'it', 'a'),1
blondtrip24,('it', 'a', 'really'),1
blondtrip24,('a', 'really', 'sexy'),1
blondtrip24,('really', 'sexy', 'one'),1
blondtrip24,('sexy', 'one', '!'),1
blondtrip24,('one', '!', 'i'),1
blondtrip24,('!', 'i', "'m"),1
blondtrip24,('i', "'m", 'honestly'),1
blondtrip24,("'m", 'honestly', 'gettin'),1
blondtrip24,('honestly', 'gettin', 'sort'),1
blondtrip24,('gettin', 'sort', 'of'),1
blondtrip24,('sort', 'of', 'turned'),1
blondtrip24,('of', 'turned', 'on'),1
blondtrip24,('turned', 'on', '...'),1
blondtrip24,('on', '...', 'u'),1
blondtrip24,('u', 'want', '2'),1
blondtrip24,('want', '2', 'see'),1
blondtrip24,('2', 'see', 'my'),1
blondtrip24,('see', 'my', 'back'),1
blondtrip24,('my', 'back', 'side'),1
blondtrip24,('back', 'side', '?'),1
blondtrip24,('side', '?', 'nan'),1
blondtrip24,('?', 'nan', 'I'),1
blondtrip24,('nan', 'I', 'can'),1
blondtrip24,('I', 'can', 'not'),1
blondtrip24,('can', 'not', 'take'),1
blondtrip24,('not', 'take', 'it'),1
blondtrip24,('take', 'it', 'nemore'),1
blondtrip24,('it', 'nemore', '...'),1
blondtrip24,('nemore', '...', 'cum'),1
blondtrip24,('...', 'cum', 'see'),1
blondtrip24,('cum', 'see', 'me'),1
blondtrip24,('see', 'me', 'right'),1
blondtrip24,('me', 'right', 'now'),1
blondtrip24,('right', 'now', '.'),1
blondtrip24,('now', '.', 'check'),1
blondtrip24,('.', 'check', 'out'),1
blondtrip24,('check', 'out', 'my'),1
blondtrip24,('out', 'my', 'page'),1
blondtrip24,('my', 'page', 'here'),1
blondtrip24,('page', 'here', 'make'),1
blondtrip24,('here', 'make', 'sure'),1
blondtrip24,('make', 'sure', 'u'),1
blondtrip24,('sure', 'u', 'save'),1
blondtrip24,('u', 'save', 'the'),1
blondtrip24,('save', 'the', 'invite'),1
blondtrip24,('the', 'invite', '..'),1
blondtrip24,('invite', '..', 'Hey'),1
blondtrip24,('..', 'Hey', 'safesharesecure.com/badbeach20'),1
blondtrip24,('Hey', 'safesharesecure.com/badbeach20', '?'),1
blondtrip24,('safesharesecure.com/badbeach20', '?', '2Er8bTR'),1
