Sender,TokenCount
Bad Boy,≡ƒæì,1
Bad Boy,alright,1
Bad Boy,geezer,1
Bad Boy,?,45
Bad Boy,I,37
Bad Boy,want,1
Bad Boy,to,11
Bad Boy,trade,3
Bad Boy,.,44
Bad Boy,The,2
Bad Boy,boys,1
Bad Boy,let,5
Bad Boy,me,9
Bad Boy,know,4
Bad Boy,you,19
Bad Boy,deal,5
Bad Boy,in,8
Bad Boy,cheap,1
Bad Boy,gear,6
Bad Boy,and,9
Bad Boy,occasionally,1
Bad Boy,get,5
Bad Boy,some,4
Bad Boy,sell,4
Bad Boy,every,1
Bad Boy,now,3
Bad Boy,then,3
Bad Boy,need,6
Bad Boy,buy,4
Bad Boy,...,10
Bad Boy,Yer,2
Bad Boy,,,5
Bad Boy,listen,1
Bad Boy,'m,2
Bad Boy,sorry,1
Bad Boy,man,7
Bad Boy,but,2
Bad Boy,learnt,1
Bad Boy,my,6
Bad Boy,lesson,1
Bad Boy,It,1
Bad Boy,wo,3
Bad Boy,n't,9
Bad Boy,happen,1
Bad Boy,again,3
Bad Boy,promise,2
Bad Boy,This,2
Bad Boy,time,3
Bad Boy,it,4
Bad Boy,will,4
Bad Boy,be,4
Bad Boy,different,1
Bad Boy,..,6
Bad Boy,Seriously,1
Bad Boy,can,9
Bad Boy,trust,2
Bad Boy,make,2
Bad Boy,the,21
Bad Boy,same,1
Bad Boy,mistake,1
Bad Boy,twice,1
Bad Boy,pay,2
Bad Boy,on,1
Bad Boy,keep,2
Bad Boy,your,2
Bad Boy,secrets,1
Bad Boy,In,1
Bad Boy,honor,1
Bad Boy,Ok,10
Bad Boy,understand,2
Bad Boy,thanks,2
Bad Boy,Did,2
Bad Boy,he,1
Bad Boy,say,2
Bad Boy,yes,3
Bad Boy,nan,14
Bad Boy,Yes,7
Bad Boy,ok,4
Bad Boy,You,6
Bad Boy,regret,1
Bad Boy,boss,2
Bad Boy,do,4
Bad Boy,heard,1
Bad Boy,these,1
Bad Boy,apartments,1
Bad Boy,are,2
Bad Boy,super,1
Bad Boy,expensive,2
Bad Boy,https,2
Bad Boy,:,2
Bad Boy,//images.app.goo.gl/W8yKUaPs697HTjms6,1
Bad Boy,How,3
Bad Boy,about,2
Bad Boy,this,10
Bad Boy,9000kr,1
Bad Boy,should,2
Bad Boy,enough,1
Bad Boy,little,1
Bad Boy,lot,2
Bad Boy,go,1
Bad Boy,friend,2
Bad Boy,'s,8
Bad Boy,meet,2
Bad Boy,up,4
Bad Boy,today,1
Bad Boy,for,5
Bad Boy,exchange,3
Bad Boy,bring,3
Bad Boy,cash,6
Bad Boy,Next,1
Bad Boy,30,2
Bad Boy,mins,2
Bad Boy,money,1
Bad Boy,By,1
Bad Boy,way,1
Bad Boy,stop,3
Bad Boy,calling,1
Bad Boy,'shortly,1
Bad Boy,',1
Bad Boy,Pleasure,2
Bad Boy,doing,2
Bad Boy,business,4
Bad Boy,with,2
Bad Boy,One,1
Bad Boy,good,3
Bad Boy,deserves,1
Bad Boy,another,2
Bad Boy,So,2
Bad Boy,how,2
Bad Boy,a,9
Bad Boy,drugs,1
Bad Boy,Well,2
Bad Boy,convenient,1
Bad Boy,\nSo,1
Bad Boy,what,2
Bad Boy,price,1
Bad Boy,of,6
Bad Boy,that,7
Bad Boy,≡ƒñ¼,1
Bad Boy,fuck,1
Bad Boy,find,1
Bad Boy,Just,3
Bad Boy,48hrs,1
Bad Boy,When,1
Bad Boy,we,4
Bad Boy,ready,1
Bad Boy,an,2
Bad Boy,Meet,1
Bad Boy,here,1
Bad Boy,there,4
Bad Boy,yet,1
Bad Boy,Getting,2
Bad Boy,nervous,2
Bad Boy,carrying,1
Bad Boy,much,4
Bad Boy,around,1
Bad Boy,back,2
Bad Boy,shop,1
Bad Boy,Black,1
Bad Boy,BMW,1
Bad Boy,Here,1
Bad Boy,Glad,1
Bad Boy,work,1
Bad Boy,together,1
Bad Boy,'ll,1
Bad Boy,more,2
Bad Boy,due,1
Bad Boy,coursem,1
Bad Boy,Business,1
Bad Boy,is,3
Bad Boy,booming,1
Bad Boy,Going,1
Bad Boy,delivery,2
Bad Boy,2,1
Bad Boy,weeks,1
Bad Boy,Can,2
Bad Boy,deliver,1
Bad Boy,Make,1
Bad Boy,week,1
Bad Boy,stuff,3
Bad Boy,selling,1
Bad Boy,so,3
Bad Boy,fast,1
Bad Boy,ca,1
Bad Boy,Need,1
Bad Boy,new,1
Bad Boy,packages,1
Bad Boy,asap,1
Bad Boy,No,1
Bad Boy,being,1
Bad Boy,paranoid,1
Bad Boy,Which,1
Bad Boy,bit,1
Bad Boy,last,1
Bad Boy,message,1
Bad Boy,did,1
Bad Boy,shit,3
Bad Boy,all,2
Bad Boy,day,1
Bad Boy,long,1
Bad Boy,am,1
Bad Boy,raking,1
Bad Boy,Give,1
Bad Boy,date,1
Bad Boy,please,1
Bad Boy,!,6
Bad Boy,white,1
Bad Boy,lines,1
Bad Boy,big,1
Bad Boy,24hrs,1
Bad Boy,tomorrow,3
Bad Boy,at,2
Bad Boy,location,1
Bad Boy,choose,1
Bad Boy,1830hrs,1
Bad Boy,ish,1
Bad Boy,@,1
Bad Boy,Barkaby,1
Bad Boy,Coop,1
Bad Boy,night,1
Bad Boy,one,2
Bad Boy,by,2
Bad Boy,train,2
Bad Boy,station,1
Bad Boy,Is,2
Bad Boy,Jaktplan,1
Bad Boy,1,1
Bad Boy,still,1
Bad Boy,evening,1
Bad Boy,obviously,1
Bad Boy,15,000kr,1
Bad Boy,....,7
Bad Boy,when,1
Bad Boy,come,1
Bad Boy,alone,1
Bad Boy,Be,1
Bad Boy,soon,1
Bad Boy,U,1
Bad Boy,got,3
Bad Boy,Yep,1
Bad Boy,coming,1
Bad Boy,sort,1
Bad Boy,sick,1
Bad Boy,April,1
Bad Boy,Fools,1
Bad Boy,joke,1
Bad Boy,Really,2
Bad Boy,have,1
Bad Boy,word,1
Bad Boy,sure,1
Bad Boy,keeps,1
Bad Boy,flowing,1
Bad Boy,yer,1
Bad Boy,Alright,1
Bad Boy,Whatever,1
Bad Boy,stay,1
Bad Boy,//images.app.goo.gl/ykj9WorVVQbVh3kd7,1
Bad Boy,Am,1
Bad Boy,overthinking,1
Bad Boy,things,2
Bad Boy,plan,1
Bad Boy,or,1
Bad Boy,Looks,1
Bad Boy,1000kr,2
Bad Boy,few,1
Bad Boy,fence,1
Bad Boy,if,1
Bad Boy,like,2
Bad Boy,What,2
Bad Boy,u,1
Bad Boy,dude,1
Bad Boy,Christ,2
Bad Boy,almighty,2
Bad Boy,rob,1
Bad Boy,bank,1
Bad Boy,see,1
Bad Boy,person,1
Bad Boy,check,1
Bad Boy,quality,1
Bad Boy,merchandise,1
Bad Boy,For,1
Bad Boy,just,1
Bad Boy,downloaded,1
Bad Boy,off,1
Bad Boy,internet,1
Bad Boy,Not,1
Bad Boy,Send,1
Bad Boy,sample,1
Bad Boy,tonight,1
Bad Boy,Dude,1
Bad Boy,sending,1
Bad Boy,useless,1
Bad Boy,down,1
Bad Boy,Nice,1
Bad Boy,Dollar,1
Bad Boy,seems,1
Bad Boy,pretty,1
Bad Boy,worthless,1
Bad Boy,right,1
Bad Boy,happy,1
Bad Boy,cat,1
Bad Boy,liked,1
Bad Boy,Do,1
Bad Boy,bother,1
Bad Boy,Tick,1
Bad Boy,Tock,1
Bad Boy,trouble,1
Bad Boy,because,1
Bad Boy,bad,1
Bad Boy,boy,1
Bad Boy,give,1
Bad Boy,guess,1
Bad Boy,ask,1
Bad Boy,where,1
Bad Boy,they,1
Bad Boy,came,1
Bad Boy,from,1
Bad Boy,Got,1
Bad Boy,any,1
Bad Boy,Gold,1
Bad Boy,Yerrrrr\nHow,1
Bad Boy,steep,1
Bad Boy,7500kr,1
Bad Boy,best,1
Bad Boy,offer4,1
Bad Boy,Hey,1
Bad Boy,looking,1
Bad Boy,safe,1
Bad Boy,cracker,1
Maverick SOB,Oh,2
Maverick SOB,jeez,1
Maverick SOB,.,47
Maverick SOB,U,1
Maverick SOB,r,1
Maverick SOB,everywhere,1
Maverick SOB,What,3
Maverick SOB,do,8
Maverick SOB,you,25
Maverick SOB,want,3
Maverick SOB,man,6
Maverick SOB,?,43
Maverick SOB,OK,16
Maverick SOB,but,3
Maverick SOB,how,1
Maverick SOB,can,5
Maverick SOB,I,19
Maverick SOB,trust,2
Maverick SOB,after,2
Maverick SOB,last,1
Maverick SOB,time,4
Maverick SOB,You,5
Maverick SOB,really,3
Maverick SOB,screwed,1
Maverick SOB,up,5
Maverick SOB,...,15
Maverick SOB,Ha,1
Maverick SOB,yer,1
Maverick SOB,right,2
Maverick SOB,How,2
Maverick SOB,many,1
Maverick SOB,times,1
Maverick SOB,have,4
Maverick SOB,heard,1
Maverick SOB,that,4
Maverick SOB,shit,1
Maverick SOB,before,1
Maverick SOB,≡ƒñö,1
Maverick SOB,need,4
Maverick SOB,to,18
Maverick SOB,speak,2
Maverick SOB,Goose,3
Maverick SOB,about,1
Maverick SOB,this,5
Maverick SOB,Bad,1
Maverick SOB,Boy,1
Maverick SOB,agreed,1
Maverick SOB,give,1
Maverick SOB,a,7
Maverick SOB,second,1
Maverick SOB,chance,1
Maverick SOB,,,8
Maverick SOB,everything,1
Maverick SOB,we,1
Maverick SOB,say,1
Maverick SOB,Dear,1
Maverick SOB,God,2
Maverick SOB,please,2
Maverick SOB,make,3
Maverick SOB,sure,2
Maverick SOB,n't,4
Maverick SOB,Sick,1
Maverick SOB,of,8
Maverick SOB,cleaning,1
Maverick SOB,others,1
Maverick SOB,First,1
Maverick SOB,job,2
Maverick SOB,Find,1
Maverick SOB,us,1
Maverick SOB,place,1
Maverick SOB,rob,1
Maverick SOB,..,1
Maverick SOB,In,1
Maverick SOB,the,12
Maverick SOB,city,1
Maverick SOB,Nah,1
Maverick SOB,'s,7
Maverick SOB,someone,2
Maverick SOB,else,2
Maverick SOB,turf,1
Maverick SOB,We,3
Maverick SOB,stick,1
Maverick SOB,suburbs,1
Maverick SOB,or,2
Maverick SOB,get,2
Maverick SOB,whacked,1
Maverick SOB,Local,1
Maverick SOB,numbers,1
Maverick SOB,only,2
Maverick SOB,Maybe,2
Maverick SOB,much,2
Maverick SOB,Deal,1
Maverick SOB,later,1
Maverick SOB,on,5
Maverick SOB,meet,1
Maverick SOB,here,3
Maverick SOB,nan,40
Maverick SOB,ya,1
Maverick SOB,think,1
Maverick SOB,Yer,3
Maverick SOB,See,2
Maverick SOB,there,4
Maverick SOB,shortly,1
Maverick SOB,Bring,2
Maverick SOB,packages,1
Maverick SOB,≡ƒôª,1
Maverick SOB,Good,2
Maverick SOB,idea,1
Maverick SOB,it,5
Maverick SOB,look,1
Maverick SOB,like,2
Maverick SOB,were,2
Maverick SOB,just,1
Maverick SOB,picking,1
Maverick SOB,regular,1
Maverick SOB,parcel,1
Maverick SOB,That,1
Maverick SOB,was,1
Maverick SOB,an,1
Maverick SOB,expensive,1
Maverick SOB,trade,1
Maverick SOB,Funnily,1
Maverick SOB,enough,1
Maverick SOB,kilo,1
Maverick SOB,white,1
Maverick SOB,powder,2
Maverick SOB,available,2
Maverick SOB,$,1
Maverick SOB,110,000,1
Maverick SOB,allowing,1
Maverick SOB,for,6
Maverick SOB,inflation,1
Maverick SOB,Yes,5
Maverick SOB,well,1
Maverick SOB,finest,1
Maverick SOB,quality,1
Maverick SOB,very,1
Maverick SOB,cheap,1
Maverick SOB,my,3
Maverick SOB,friend,1
Maverick SOB,cut,1
Maverick SOB,down,1
Maverick SOB,and,4
Maverick SOB,quadruple,1
Maverick SOB,value,1
Maverick SOB,Tick,1
Maverick SOB,tock,1
Maverick SOB,....,5
Maverick SOB,Just,2
Maverick SOB,what,3
Maverick SOB,needed,1
Maverick SOB,hear,2
Maverick SOB,thank,1
Maverick SOB,Let,1
Maverick SOB,Wednesday,1
Maverick SOB,evening,1
Maverick SOB,≡ƒæî,1
Maverick SOB,will,3
Maverick SOB,be,3
Maverick SOB,bring,2
Maverick SOB,cash,2
Maverick SOB,delivery,1
Maverick SOB,10.minutes,1
Maverick SOB,'m,2
Maverick SOB,now,4
Maverick SOB,Black,1
Maverick SOB,jacket,1
Maverick SOB,Where,1
Maverick SOB,are,1
Maverick SOB,at,2
Maverick SOB,yes,4
Maverick SOB,see,1
Maverick SOB,≡ƒæÇ,1
Maverick SOB,Pleasure,1
Maverick SOB,doing,2
Maverick SOB,business,1
Maverick SOB,with,2
Maverick SOB,absolutely,1
Maverick SOB,Wow,1
Maverick SOB,\nOK,1
Maverick SOB,let,4
Maverick SOB,me,9
Maverick SOB,check,1
Maverick SOB,Γ£ö,1
Maverick SOB,damn,1
Maverick SOB,put,1
Maverick SOB,another,1
Maverick SOB,call,1
Maverick SOB,in,3
Maverick SOB,Are,1
Maverick SOB,watching,1
Maverick SOB,ok,2
Maverick SOB,So,2
Maverick SOB,still,2
Maverick SOB,stuff,1
Maverick SOB,working,1
Maverick SOB,got,3
Maverick SOB,message,1
Maverick SOB,A,1
Maverick SOB,package,1
Maverick SOB,has,1
Maverick SOB,arrived,1
Maverick SOB,market,1
Maverick SOB,Not,1
Maverick SOB,as,1
Maverick SOB,big,1
Maverick SOB,quantity,1
Maverick SOB,15,000kr,1
Maverick SOB,100,1
Maverick SOB,grams,1
Maverick SOB,Yep,1
Maverick SOB,Will,2
Maverick SOB,know,3
Maverick SOB,Need,1
Maverick SOB,works,1
Maverick SOB,tomorrow,1
Maverick SOB,sometime,1
Maverick SOB,between,1
Maverick SOB,6.30-7pm,1
Maverick SOB,when,2
Maverick SOB,leave,1
Maverick SOB,30,1
Maverick SOB,min,1
Maverick SOB,warning,1
Maverick SOB,≡ƒÆ╕,1
Maverick SOB,≡ƒæì,1
Maverick SOB,some,3
Maverick SOB,jobs,1
Maverick SOB,done,1
Maverick SOB,schedule,1
Maverick SOB,Be,1
Maverick SOB,early,1
Maverick SOB,As,1
Maverick SOB,≡ƒÆ░,1
Maverick SOB,:,1
Maverick SOB,),3
Maverick SOB,Meet,3
Maverick SOB,outside,1
Maverick SOB,back,2
Maverick SOB,shop,1
Maverick SOB,Likewise,1
Maverick SOB,Call,1
Maverick SOB,again,1
Maverick SOB,;,1
Maverick SOB,Hey,1
Maverick SOB,If,1
Maverick SOB,from,1
Maverick SOB,had,1
Maverick SOB,disagreement,1
Maverick SOB,Want,3
Maverick SOB,he,2
Maverick SOB,does,2
Maverick SOB,start,1
Maverick SOB,deals,1
Maverick SOB,behind,1
Maverick SOB,am,1
Maverick SOB,your,1
Maverick SOB,supplier,1
Maverick SOB,No,2
Maverick SOB,Did,1
Maverick SOB,notice,1
Maverick SOB,date,1
Maverick SOB,until,1
Maverick SOB,This,1
Maverick SOB,is,3
Maverick SOB,straight,1
Maverick SOB,serious,1
Maverick SOB,internal,1
Maverick SOB,issues,1
Maverick SOB,problem,1
Maverick SOB,talk,1
Maverick SOB,And,1
Maverick SOB,if,1
Maverick SOB,reach,1
Maverick SOB,out,2
Maverick SOB,listen,1
Maverick SOB,any,1
Maverick SOB,his,1
Maverick SOB,nonsense,1
Maverick SOB,Guy,1
Maverick SOB,acting,1
Maverick SOB,fool,1
Maverick SOB,alright,1
Maverick SOB,≡ƒÖä,1
Maverick SOB,Sure,1
Maverick SOB,Dude,1
Maverick SOB,All,1
Maverick SOB,good,1
Maverick SOB,Relax,1
Maverick SOB,take,1
Maverick SOB,care,1
Maverick SOB,all,3
Maverick SOB,Split,1
Maverick SOB,personality,1
Maverick SOB,Damn,2
Maverick SOB,u,2
Maverick SOB,tools,1
Maverick SOB,2,1
Maverick SOB,least,1
Maverick SOB,next,1
Maverick SOB,Got,1
Maverick SOB,more,2
Maverick SOB,'re,1
Maverick SOB,Fagin,1
Maverick SOB,selling,1
Maverick SOB,anything,1
Maverick SOB,help,1
Maverick SOB,shift,1
Maverick SOB,stolen,2
Maverick SOB,gear,2
Maverick SOB,There,1
Maverick SOB,so,1
Maverick SOB,The,1
Maverick SOB,team,1
Maverick SOB,been,1
Maverick SOB,busy,1
Maverick SOB,little,1
Maverick SOB,bees,1
Maverick SOB,≡ƒÉ¥,1
Maverick SOB,offer,1
Maverick SOB,Spicy,1
Maverick SOB,Snowy,1
Maverick SOB,≡ƒî¿,1
Maverick SOB,buy,2
Maverick SOB,candlesticks,1
Maverick SOB,pay,1
Maverick SOB,(,1
Maverick SOB,smiley,1
Maverick SOB,careful,1
Maverick SOB,500kr,1
Maverick SOB,Your,1
Maverick SOB,loss,1
Maverick SOB,not,1
Maverick SOB,mine,1
Maverick SOB,photo,1
Maverick SOB,bombed,1
Maverick SOB,they,1
Maverick SOB,grandma,1
Maverick SOB,course,1
Maverick SOB,\nDude,1
Maverick SOB,going,1
Maverick SOB,admit,1
Maverick SOB,Seriously,1
Maverick SOB,town,1
Maverick SOB,\nWhat,1
Maverick SOB,looking,1
Maverick SOB,Like,1
Maverick SOB,mean,1
Maverick SOB,10,000kr,1
Maverick SOB,8000kr,1
Maverick.4444,No,1
Maverick.4444,thanks,1
Maverick.4444,Should,1
Maverick.4444,u,1
Maverick.4444,be,1
Maverick.4444,using,1
Maverick.4444,this,1
Maverick.4444,channel,1
Maverick.4444,?,1
Mike.Jonson,Yet,1
Mike.Jonson,maybe,1
Mike.Jonson,not,1
Mike.Jonson,smart,1
Mike.Jonson,.,15
Mike.Jonson,Good,1
Mike.Jonson,point,1
Mike.Jonson,nan,1
Mike.Jonson,So,2
Mike.Jonson,what,3
Mike.Jonson,'s,2
Mike.Jonson,up,1
Mike.Jonson,dog,1
Mike.Jonson,?,13
Mike.Jonson,Hi,1
Mike.Jonson,Sadie,1
Mike.Jonson,I,9
Mike.Jonson,am,2
Mike.Jonson,shy,1
Mike.Jonson,No,1
Mike.Jonson,sorry,1
Mike.Jonson,do,9
Mike.Jonson,n't,3
Mike.Jonson,know,2
Mike.Jonson,many,1
Mike.Jonson,ladies,1
Mike.Jonson,This,2
Mike.Jonson,is,2
Mike.Jonson,a,5
Mike.Jonson,wild,1
Mike.Jonson,guess,2
Mike.Jonson,but,1
Mike.Jonson,you,9
Mike.Jonson,have,2
Mike.Jonson,roomie,1
Mike.Jonson,...,2
Mike.Jonson,Bingo,1
Mike.Jonson,buzzword,1
Mike.Jonson,quarantine,1
Mike.Jonson,and,3
Mike.Jonson,social,1
Mike.Jonson,distance,1
Mike.Jonson,What,2
Mike.Jonson,u,1
Mike.Jonson,like,1
Mike.Jonson,to,7
Mike.Jonson,kill,1
Mike.Jonson,time,1
Mike.Jonson,sort,2
Mike.Jonson,of,1
Mike.Jonson,\humans\,1
Mike.Jonson,'',2
Mike.Jonson,are,1
Mike.Jonson,in,2
Mike.Jonson,2,1
Mike.Jonson,Do,1
Mike.Jonson,want,2
Mike.Jonson,ask,1
Mike.Jonson,me,4
Mike.Jonson,serious,1
Mike.Jonson,question,1
Mike.Jonson,Talk,1
Mike.Jonson,chat,1
Mike.Jonson,bots,1
Mike.Jonson,who,2
Mike.Jonson,will,2
Mike.Jonson,attempt,1
Mike.Jonson,compromise,1
Mike.Jonson,The,1
Mike.Jonson,manipulate,1
Mike.Jonson,Sure,1
Mike.Jonson,it,2
Mike.Jonson,be,1
Mike.Jonson,something,1
Mike.Jonson,naughty,1
Mike.Jonson,now,2
Mike.Jonson,Nope,1
Mike.Jonson,useless,1
Mike.Jonson,bed,1
Mike.Jonson,How,1
Mike.Jonson,exciting,1
Mike.Jonson,from,1
Mike.Jonson,complete,1
Mike.Jonson,stranger,1
Mike.Jonson,all,1
Mike.Jonson,bit,1
Mike.Jonson,new,1
Mike.Jonson,confusing,1
Mike.Jonson,mind,1
Mike.Jonson,Yes,3
Mike.Jonson,please,1
Mike.Jonson,thank,1
Mike.Jonson,need,1
Mike.Jonson,With,1
Mike.Jonson,sugar,1
Mike.Jonson,on,1
Mike.Jonson,top,1
Mike.Jonson,Oh,2
Mike.Jonson,wow,1
Mike.Jonson,Thank,2
Mike.Jonson,so,1
Mike.Jonson,much,1
Mike.Jonson,no,1
Mike.Jonson,lost,1
Mike.Jonson,already,1
Mike.Jonson,Look,1
Mike.Jonson,longingly,1
Mike.Jonson,at,1
Mike.Jonson,Ok,2
Mike.Jonson,see,1
Mike.Jonson,That,1
Mike.Jonson,your,1
Mike.Jonson,back,1
Mike.Jonson,side,1
Telegram,Telegram,3
Telegram,surpassed,1
Telegram,500,1
Telegram,million,2
Telegram,active,1
Telegram,users,3
Telegram,.,2
Telegram,\n,1
Telegram,\nIn,1
Telegram,2021,1
Telegram,,,10
Telegram,more,2
Telegram,than,1
Telegram,150,1
Telegram,new,1
Telegram,from,3
Telegram,around,1
Telegram,the,6
Telegram,world,1
Telegram,joined,2
Telegram,Telegram.\n\nThank,1
Telegram,you,6
Telegram,!,1
Telegram,These,1
Telegram,milestones,1
Telegram,were,1
Telegram,made,1
Telegram,possible,1
Telegram,by,2
Telegram,like,1
Telegram,who,1
Telegram,invite,1
Telegram,their,1
Telegram,friends,1
Telegram,to,8
Telegram,\n\nIf,1
Telegram,have,2
Telegram,contacts,1
Telegram,that,3
Telegram,in,4
Telegram,last,1
Telegram,few,1
Telegram,days,1
Telegram,can,2
Telegram,welcome,1
Telegram,them,1
Telegram,using,1
Telegram,one,2
Telegram,of,9
Telegram,TelegramΓÇÖs,1
Telegram,unique,1
Telegram,features,2
Telegram,such,1
Telegram,as,3
Telegram,an,2
Telegram,animated,1
Telegram,sticker,1
Telegram,or,4
Telegram,a,4
Telegram,video,1
Telegram,message.\n\nTo,1
Telegram,find,1
Telegram,out,1
Telegram,about,2
Telegram,look,1
Telegram,at,1
Telegram,https,1
Telegram,:,5
Telegram,//t.me/TelegramTips/233,1
Telegram,Voice,5
Telegram,Chats,4
Telegram,2.0,1
Telegram,Channels,3
Telegram,Millions,1
Telegram,Listeners,1
Telegram,Recorded,1
Telegram,Admin,1
Telegram,Tools\n\nMillions,1
Telegram,Concurrent,1
Telegram,Listeners\nΓÇó,1
Telegram,Start,1
Telegram,limitless,1
Telegram,Groups,1
Telegram,and,1
Telegram,Channels.\nΓÇó,1
Telegram,Host,1
Telegram,discussions,1
Telegram,be,1
Telegram,listened,1
Telegram,millions,1
Telegram,people,2
Telegram,simultaneously.\n\nVoice,1
Telegram,Chat,3
Telegram,Recordings\nΓÇó,1
Telegram,Record,1
Telegram,voice,1
Telegram,chats,1
Telegram,share,1
Telegram,publish,1
Telegram,later.\nΓÇó,1
Telegram,See,2
Telegram,chat,2
Telegram,is,2
Telegram,being,1
Telegram,recorded,1
Telegram,red,1
Telegram,dot,1
Telegram,next,1
Telegram,its,1
Telegram,title.\n\nImproved,1
Telegram,List,1
Telegram,Participants\nΓÇó,1
Telegram,user,1
Telegram,bio,1
Telegram,texts,1
Telegram,right,1
Telegram,list,2
Telegram,participants.\nΓÇó,1
Telegram,Raise,1
Telegram,your,5
Telegram,hand,1
Telegram,show,1
Telegram,admins,1
Telegram,want,1
Telegram,speak.\n\nTools,1
Telegram,for,2
Telegram,Organizers\nΓÇó,1
Telegram,Create,1
Telegram,separate,1
Telegram,Invite,1
Telegram,Links,1
Telegram,listeners,1
Telegram,speakers.\nΓÇó,1
Telegram,Change,1
Telegram,title,1
Telegram,give,1
Telegram,idea,1
Telegram,current,1
Telegram,topic.\nΓÇó,1
Telegram,Join,1
Telegram,hide,1
Telegram,personal,1
Telegram,account.\n\nSwipe,1
Telegram,Action,1
Telegram,Settings\nΓÇó,1
Telegram,Choose,1
Telegram,which,1
Telegram,action,1
Telegram,performed,1
Telegram,when,1
Telegram,swipe,1
Telegram,left,1
Telegram,on,1
Telegram,Pin,1
Telegram,Mark,1
Telegram,Read,1
Telegram,Archive,1
Telegram,Mute,1
Telegram,Delete.\n\nMore,1
Telegram,this,1
Telegram,update,1
Telegram,\nhttps,1
Telegram,//telegram.org/blog/voice-chats-on-steroids,1
blondtrip24,Do,1
blondtrip24,u,7
blondtrip24,recognize,1
blondtrip24,me,8
blondtrip24,?,15
blondtrip24,iono,1
blondtrip24,how,2
blondtrip24,i,3
blondtrip24,have,1
blondtrip24,your,1
blondtrip24,num,1
blondtrip24,in,2
blondtrip24,my,3
blondtrip24,contacts,1
blondtrip24,but,2
blondtrip24,it,5
blondtrip24,recommended,1
blondtrip24,I,7
blondtrip24,add,1
blondtrip24,ya,3
blondtrip24,,,5
blondtrip24,My,1
blondtrip24,girl,1
blondtrip24,and,2
blondtrip24,going,1
blondtrip24,nutty,1
blondtrip24,over,1
blondtrip24,here,2
blondtrip24,with,2
blondtrip24,this,2
blondtrip24,social,1
blondtrip24,isolation,1
blondtrip24,quarantine,1
blondtrip24,so,2
blondtrip24,what,2
blondtrip24,r,1
blondtrip24,you,9
blondtrip24,doin,1
blondtrip24,What,2
blondtrip24,do,5
blondtrip24,like,3
blondtrip24,to,6
blondtrip24,stay,1
blondtrip24,sane,1
blondtrip24,sorta,2
blondtrip24,woman,2
blondtrip24,are,1
blondtrip24,2,3
blondtrip24,im,1
blondtrip24,not,2
blondtrip24,a,8
blondtrip24,bot,1
blondtrip24,'re,1
blondtrip24,getting,1
blondtrip24,weird,1
blondtrip24,...,5
blondtrip24,whatever,1
blondtrip24,..,5
blondtrip24,Suppose,1
blondtrip24,ask,1
blondtrip24,straightforward,1
blondtrip24,question,1
blondtrip24,someone,1
blondtrip24,who,1
blondtrip24,knows,1
blondtrip24,satisfy,1
blondtrip24,lady,1
blondtrip24,Have,1
blondtrip24,ever,1
blondtrip24,made,1
blondtrip24,orgasm,1
blondtrip24,;,2
blondtrip24,X,1
blondtrip24,haha,2
blondtrip24,Wish,1
blondtrip24,could,1
blondtrip24,lay,1
blondtrip24,there,1
blondtrip24,next,1
blondtrip24,),1
blondtrip24,know,1
blondtrip24,if,1
blondtrip24,would,1
blondtrip24,get,1
blondtrip24,climax,1
blondtrip24,lol,1
blondtrip24,alright,1
blondtrip24,am,1
blondtrip24,into,1
blondtrip24,u.,1
blondtrip24,fancy,1
blondtrip24,gals,1
blondtrip24,bunch,1
blondtrip24,of,3
blondtrip24,tatoos,1
blondtrip24,'m,2
blondtrip24,gettin,2
blondtrip24,lil,1
blondtrip24,horny,1
blondtrip24,wan,1
blondtrip24,na,1
blondtrip24,see,3
blondtrip24,some,1
blondtrip24,more,2
blondtrip24,pix,1
blondtrip24,tell,1
blondtrip24,need,1
blondtrip24,sugar,1
blondtrip24,gets,1
blondtrip24,hot,1
blondtrip24,nan,3
blondtrip24,Tell,1
blondtrip24,'d,1
blondtrip24,want,2
blondtrip24,c,1
blondtrip24,time,1
blondtrip24,U,1
blondtrip24,that,1
blondtrip24,Give,1
blondtrip24,one,2
blondtrip24,make,2
blondtrip24,really,1
blondtrip24,sexy,1
blondtrip24,!,1
blondtrip24,honestly,1
blondtrip24,sort,1
blondtrip24,turned,1
blondtrip24,on,1
blondtrip24,back,1
blondtrip24,side,1
blondtrip24,can,1
blondtrip24,take,1
blondtrip24,nemore,1
blondtrip24,cum,1
blondtrip24,right,1
blondtrip24,now,1
blondtrip24,.,1
blondtrip24,check,1
blondtrip24,out,1
blondtrip24,page,1
blondtrip24,sure,1
blondtrip24,save,1
blondtrip24,the,1
blondtrip24,invite,1
blondtrip24,Hey,1
blondtrip24,safesharesecure.com/badbeach20,1
blondtrip24,2Er8bTR,1
