Sender;Date;Ngram;Count
Bad Boy;2021-02-25;nan So what;1
Bad Boy;2021-02-25;So what 's;1
Bad Boy;2021-02-25;what 's the;1
Bad Boy;2021-02-25;'s the plan;1
Bad Boy;2021-02-25;the plan ?;1
Bad Boy;2021-02-25;plan ? You;1
Bad Boy;2021-02-25;? You buy;1
Bad Boy;2021-02-25;You buy or;1
Bad Boy;2021-02-25;buy or sell;1
Bad Boy;2021-02-25;or sell ?;1
Bad Boy;2021-03-05;I can buy;1
Bad Boy;2021-03-05;can buy that;1
Bad Boy;2021-03-05;buy that .;1
Bad Boy;2021-03-05;that . Looks;1
Bad Boy;2021-03-05;. Looks good;1
Bad Boy;2021-03-05;Looks good .;1
Bad Boy;2021-03-05;good . 1000kr;1
Bad Boy;2021-03-05;. 1000kr to;1
Bad Boy;2021-03-05;1000kr to you;1
Bad Boy;2021-03-05;to you my;1
Bad Boy;2021-03-05;you my good;1
Bad Boy;2021-03-05;my good man;1
Bad Boy;2021-03-05;good man ...;1
Bad Boy;2021-03-05;man ... nan;1
Bad Boy;2021-03-10;I got a;1
Bad Boy;2021-03-10;got a few;1
Bad Boy;2021-03-10;a few things;1
Bad Boy;2021-03-10;few things to;1
Bad Boy;2021-03-10;things to buy;1
Bad Boy;2021-03-10;to buy and;1
Bad Boy;2021-03-10;buy and sell;1
Bad Boy;2021-03-10;and sell .;1
Bad Boy;2021-03-10;sell . I;1
Bad Boy;2021-03-10;. I can;1
Bad Boy;2021-03-10;I can fence;1
Bad Boy;2021-03-10;can fence some;1
Bad Boy;2021-03-10;fence some of;1
Bad Boy;2021-03-10;some of your;1
Bad Boy;2021-03-10;of your gear;1
Bad Boy;2021-03-10;your gear if;1
Bad Boy;2021-03-10;gear if you;1
Bad Boy;2021-03-10;if you like;1
Bad Boy;2021-03-10;you like ?;1
Bad Boy;2021-03-10;like ? What;1
Bad Boy;2021-03-10;? What u;1
Bad Boy;2021-03-10;What u got;1
Bad Boy;2021-03-10;u got dude;1
Bad Boy;2021-03-10;got dude ....;1
Bad Boy;2021-03-10;dude .... Christ;1
Bad Boy;2021-03-10;.... Christ almighty;1
Bad Boy;2021-03-10;Christ almighty .;1
Bad Boy;2021-03-10;almighty . Did;1
Bad Boy;2021-03-10;. Did you;1
Bad Boy;2021-03-10;Did you rob;1
Bad Boy;2021-03-10;you rob a;1
Bad Boy;2021-03-10;rob a bank;1
Bad Boy;2021-03-10;a bank ?;1
Bad Boy;2021-03-10;bank ? I;1
Bad Boy;2021-03-10;? I need;1
Bad Boy;2021-03-10;I need to;1
Bad Boy;2021-03-10;need to see;1
Bad Boy;2021-03-10;to see this;1
Bad Boy;2021-03-10;see this stuff;1
Bad Boy;2021-03-10;this stuff in;1
Bad Boy;2021-03-10;stuff in person;1
Bad Boy;2021-03-10;in person and;1
Bad Boy;2021-03-10;person and check;1
Bad Boy;2021-03-10;and check the;1
Bad Boy;2021-03-10;check the quality;1
Bad Boy;2021-03-10;the quality of;1
Bad Boy;2021-03-10;quality of the;1
Bad Boy;2021-03-10;of the merchandise;1
Bad Boy;2021-03-10;the merchandise .;1
Bad Boy;2021-03-10;merchandise . For;1
Bad Boy;2021-03-10;. For all;1
Bad Boy;2021-03-10;For all I;1
Bad Boy;2021-03-10;all I know;1
Bad Boy;2021-03-10;I know you;1
Bad Boy;2021-03-10;know you just;1
Bad Boy;2021-03-10;you just downloaded;1
Bad Boy;2021-03-10;just downloaded this;1
Bad Boy;2021-03-10;downloaded this shit;1
Bad Boy;2021-03-10;this shit off;1
Bad Boy;2021-03-10;shit off the;1
Bad Boy;2021-03-10;off the internet;1
Bad Boy;2021-03-10;the internet .;1
Bad Boy;2021-03-10;internet . Not;1
Bad Boy;2021-03-10;. Not that;1
Bad Boy;2021-03-10;Not that I;1
Bad Boy;2021-03-10;that I do;1
Bad Boy;2021-03-10;I do n't;2
Bad Boy;2021-03-10;do n't trust;1
Bad Boy;2021-03-10;n't trust you;1
Bad Boy;2021-03-10;trust you but;1
Bad Boy;2021-03-10;you but I;1
Bad Boy;2021-03-10;but I do;1
Bad Boy;2021-03-10;do n't ....;1
Bad Boy;2021-03-10;n't .... nan;1
Bad Boy;2021-03-10;.... nan Send;1
Bad Boy;2021-03-10;nan Send me;1
Bad Boy;2021-03-10;Send me a;1
Bad Boy;2021-03-10;me a sample;1
Bad Boy;2021-03-10;a sample tonight;1
Bad Boy;2021-03-12;Dude stop sending;1
Bad Boy;2021-03-12;stop sending me;1
Bad Boy;2021-03-12;sending me useless;1
Bad Boy;2021-03-12;me useless shit;1
Bad Boy;2021-03-12;useless shit and;1
Bad Boy;2021-03-12;shit and let;1
Bad Boy;2021-03-12;and let 's;1
Bad Boy;2021-03-12;let 's get;1
Bad Boy;2021-03-12;'s get down;1
Bad Boy;2021-03-12;get down to;1
Bad Boy;2021-03-12;down to business;1
Bad Boy;2021-03-12;to business ...;1
Bad Boy;2021-03-13;You pay a;1
Bad Boy;2021-03-13;pay a lot;1
Bad Boy;2021-03-13;a lot my;1
Bad Boy;2021-03-13;lot my friend;1
Bad Boy;2021-03-13;my friend ....;1
Bad Boy;2021-03-13;friend .... Nice;1
Bad Boy;2021-03-13;.... Nice .;1
Bad Boy;2021-03-13;Nice . Dollar;1
Bad Boy;2021-03-13;. Dollar seems;1
Bad Boy;2021-03-13;Dollar seems pretty;1
Bad Boy;2021-03-13;seems pretty worthless;1
Bad Boy;2021-03-13;pretty worthless right;1
Bad Boy;2021-03-13;worthless right now;1
Bad Boy;2021-03-13;right now ,;1
Bad Boy;2021-03-13;now , so;1
Bad Boy;2021-03-13;, so happy;1
Bad Boy;2021-03-13;so happy the;1
Bad Boy;2021-03-13;happy the cat;1
Bad Boy;2021-03-13;the cat liked;1
Bad Boy;2021-03-13;cat liked it;1
Bad Boy;2021-03-13;liked it .;1
Bad Boy;2021-03-16;How much ?;1
Bad Boy;2021-03-16;much ? nan;1
Bad Boy;2021-03-16;? nan ≡ƒæì;1
Bad Boy;2021-03-16;nan ≡ƒæì alright;1
Bad Boy;2021-03-16;≡ƒæì alright geezer;1
Bad Boy;2021-03-16;alright geezer ?;1
Bad Boy;2021-03-16;geezer ? I;1
Bad Boy;2021-03-16;? I want;1
Bad Boy;2021-03-16;I want to;1
Bad Boy;2021-03-16;want to trade;1
Bad Boy;2021-03-16;to trade .;1
Bad Boy;2021-03-16;trade . The;1
Bad Boy;2021-03-16;. The boys;1
Bad Boy;2021-03-16;The boys let;1
Bad Boy;2021-03-16;boys let me;1
Bad Boy;2021-03-16;let me know;1
Bad Boy;2021-03-16;me know you;1
Bad Boy;2021-03-16;know you deal;1
Bad Boy;2021-03-16;you deal in;1
Bad Boy;2021-03-16;deal in cheap;1
Bad Boy;2021-03-16;in cheap gear;1
Bad Boy;2021-03-16;cheap gear and;1
Bad Boy;2021-03-16;gear and occasionally;1
Bad Boy;2021-03-16;and occasionally I;1
Bad Boy;2021-03-16;occasionally I get;1
Bad Boy;2021-03-16;I get some;1
Bad Boy;2021-03-16;get some to;1
Bad Boy;2021-03-16;some to sell;1
Bad Boy;2021-03-16;to sell and;1
Bad Boy;2021-03-16;sell and every;1
Bad Boy;2021-03-16;and every now;1
Bad Boy;2021-03-16;every now and;1
Bad Boy;2021-03-16;now and then;1
Bad Boy;2021-03-16;and then I;1
Bad Boy;2021-03-16;then I need;1
Bad Boy;2021-03-16;I need to;1
Bad Boy;2021-03-16;need to buy;1
Bad Boy;2021-03-16;to buy ...;1
Bad Boy;2021-03-16;buy ... Yer;1
Bad Boy;2021-03-16;... Yer I;1
Bad Boy;2021-03-16;Yer I know;1
Bad Boy;2021-03-16;I know ,;1
Bad Boy;2021-03-16;know , listen;1
Bad Boy;2021-03-16;, listen I;1
Bad Boy;2021-03-16;listen I 'm;1
Bad Boy;2021-03-16;I 'm sorry;1
Bad Boy;2021-03-16;'m sorry man;1
Bad Boy;2021-03-16;sorry man but;1
Bad Boy;2021-03-16;man but learnt;1
Bad Boy;2021-03-16;but learnt my;1
Bad Boy;2021-03-16;learnt my lesson;1
Bad Boy;2021-03-16;my lesson .;1
Bad Boy;2021-03-16;lesson . It;1
Bad Boy;2021-03-16;. It wo;1
Bad Boy;2021-03-16;It wo n't;1
Bad Boy;2021-03-16;wo n't happen;1
Bad Boy;2021-03-16;n't happen again;1
Bad Boy;2021-03-16;happen again I;1
Bad Boy;2021-03-16;again I promise;1
Bad Boy;2021-03-16;I promise .;1
Bad Boy;2021-03-16;promise . This;1
Bad Boy;2021-03-16;. This time;1
Bad Boy;2021-03-16;This time it;1
Bad Boy;2021-03-16;time it will;1
Bad Boy;2021-03-16;it will be;1
Bad Boy;2021-03-16;will be different;1
Bad Boy;2021-03-16;be different ..;1
Bad Boy;2021-03-16;different .. Seriously;1
Bad Boy;2021-03-16;.. Seriously you;1
Bad Boy;2021-03-16;Seriously you can;1
Bad Boy;2021-03-16;you can trust;1
Bad Boy;2021-03-16;can trust me;1
Bad Boy;2021-03-16;trust me .;1
Bad Boy;2021-03-16;me . I;1
Bad Boy;2021-03-16;. I wo;1
Bad Boy;2021-03-16;I wo n't;1
Bad Boy;2021-03-16;wo n't make;1
Bad Boy;2021-03-16;n't make the;1
Bad Boy;2021-03-16;make the same;1
Bad Boy;2021-03-16;the same mistake;1
Bad Boy;2021-03-16;same mistake twice;1
Bad Boy;2021-03-16;mistake twice .;1
Bad Boy;2021-03-16;twice . I;1
Bad Boy;2021-03-16;. I will;1
Bad Boy;2021-03-16;I will pay;1
Bad Boy;2021-03-16;will pay on;1
Bad Boy;2021-03-16;pay on time;1
Bad Boy;2021-03-16;on time and;1
Bad Boy;2021-03-16;time and keep;1
Bad Boy;2021-03-16;and keep your;1
Bad Boy;2021-03-16;keep your secrets;1
Bad Boy;2021-03-16;your secrets .;1
Bad Boy;2021-03-16;secrets . In;1
Bad Boy;2021-03-16;. In my;1
Bad Boy;2021-03-16;In my honor;1
Bad Boy;2021-03-16;my honor Ok;1
Bad Boy;2021-03-16;honor Ok I;1
Bad Boy;2021-03-16;Ok I understand;1
Bad Boy;2021-03-16;I understand ,;1
Bad Boy;2021-03-16;understand , thanks;1
Bad Boy;2021-03-16;, thanks .;1
Bad Boy;2021-03-16;thanks . Really;1
Bad Boy;2021-03-16;. Really ?;1
Bad Boy;2021-03-16;Really ? Do;1
Bad Boy;2021-03-16;? Do n't;1
Bad Boy;2021-03-16;Do n't bother;1
Bad Boy;2021-03-16;n't bother then;1
Bad Boy;2021-03-16;bother then ....;1
Bad Boy;2021-03-16;then .... Did;1
Bad Boy;2021-03-16;.... Did he;1
Bad Boy;2021-03-16;Did he say;1
Bad Boy;2021-03-16;he say yes;1
Bad Boy;2021-03-16;say yes ?;1
Bad Boy;2021-03-17;nan Yes ok;1
Bad Boy;2021-03-17;Yes ok thanks;1
Bad Boy;2021-03-17;ok thanks man;1
Bad Boy;2021-03-17;thanks man .;1
Bad Boy;2021-03-17;man . You;1
Bad Boy;2021-03-17;. You wo;1
Bad Boy;2021-03-17;You wo n't;1
Bad Boy;2021-03-17;wo n't regret;1
Bad Boy;2021-03-17;n't regret it;1
Bad Boy;2021-03-17;regret it ..;1
Bad Boy;2021-03-17;it .. Ok;1
Bad Boy;2021-03-17;.. Ok boss;1
Bad Boy;2021-03-17;Ok boss will;1
Bad Boy;2021-03-17;boss will do;1
Bad Boy;2021-03-17;will do ...;1
Bad Boy;2021-03-17;do ... I;1
Bad Boy;2021-03-17;... I heard;1
Bad Boy;2021-03-17;I heard these;1
Bad Boy;2021-03-17;heard these apartments;1
Bad Boy;2021-03-17;these apartments are;1
Bad Boy;2021-03-17;apartments are super;1
Bad Boy;2021-03-17;are super expensive;1
Bad Boy;2021-03-17;super expensive ?;1
Bad Boy;2021-03-17;expensive ? Tick;1
Bad Boy;2021-03-17;? Tick Tock;1
Bad Boy;2021-03-17;Tick Tock nan;1
Bad Boy;2021-03-17;Tock nan Well;1
Bad Boy;2021-03-17;nan Well you;1
Bad Boy;2021-03-17;Well you know;1
Bad Boy;2021-03-17;you know me;1
Bad Boy;2021-03-17;know me .;1
Bad Boy;2021-03-17;me . I;1
Bad Boy;2021-03-17;. I like;1
Bad Boy;2021-03-17;I like some;1
Bad Boy;2021-03-17;like some trouble;1
Bad Boy;2021-03-17;some trouble because;1
Bad Boy;2021-03-17;trouble because I;1
Bad Boy;2021-03-17;because I 'm;1
Bad Boy;2021-03-17;I 'm a;1
Bad Boy;2021-03-17;'m a bad;1
Bad Boy;2021-03-17;a bad boy;1
Bad Boy;2021-03-17;bad boy !;1
Bad Boy;2021-03-17;boy ! !;1
Bad Boy;2021-03-17;! ! !;2
Bad Boy;2021-03-17;! ! https;1
Bad Boy;2021-03-17;! https :;1
Bad Boy;2021-03-17;https : //images.app.goo.gl/W8yKUaPs697HTjms6;1
Bad Boy;2021-03-17;: //images.app.goo.gl/W8yKUaPs697HTjms6 nan;1
Bad Boy;2021-03-17;//images.app.goo.gl/W8yKUaPs697HTjms6 nan How;1
Bad Boy;2021-03-17;nan How about;1
Bad Boy;2021-03-17;How about this;1
Bad Boy;2021-03-17;about this ?;1
Bad Boy;2021-03-18;9000kr should be;1
Bad Boy;2021-03-18;should be enough;1
Bad Boy;2021-03-18;be enough to;1
Bad Boy;2021-03-18;enough to let;1
Bad Boy;2021-03-18;to let this;1
Bad Boy;2021-03-18;let this little;1
Bad Boy;2021-03-18;this little lot;1
Bad Boy;2021-03-18;little lot go;1
Bad Boy;2021-03-18;lot go to;1
Bad Boy;2021-03-18;go to you;1
Bad Boy;2021-03-18;to you my;1
Bad Boy;2021-03-18;you my friend;1
Bad Boy;2021-03-19;Ok let 's;1
Bad Boy;2021-03-19;let 's meet;1
Bad Boy;2021-03-19;'s meet up;1
Bad Boy;2021-03-19;meet up today;1
Bad Boy;2021-03-19;up today for;1
Bad Boy;2021-03-19;today for the;1
Bad Boy;2021-03-19;for the exchange;1
Bad Boy;2021-03-19;the exchange .;1
Bad Boy;2021-03-19;exchange . I;1
Bad Boy;2021-03-19;. I bring;1
Bad Boy;2021-03-19;I bring the;1
Bad Boy;2021-03-19;bring the gear;1
Bad Boy;2021-03-19;the gear and;1
Bad Boy;2021-03-19;gear and you;1
Bad Boy;2021-03-19;and you bring;2
Bad Boy;2021-03-19;you bring the;2
Bad Boy;2021-03-19;bring the cash;1
Bad Boy;2021-03-19;the cash .;1
Bad Boy;2021-03-19;cash . Next;1
Bad Boy;2021-03-19;. Next 30;1
Bad Boy;2021-03-19;Next 30 mins;1
Bad Boy;2021-03-19;30 mins ?;1
Bad Boy;2021-03-19;mins ? ?;1
Bad Boy;2021-03-19;? ? ?;1
Bad Boy;2021-03-19;? ? Ok;1
Bad Boy;2021-03-19;? Ok and;1
Bad Boy;2021-03-19;Ok and you;1
Bad Boy;2021-03-19;bring the money;1
Bad Boy;2021-03-19;the money .;1
Bad Boy;2021-03-19;money . By;1
Bad Boy;2021-03-19;. By the;1
Bad Boy;2021-03-19;By the way;1
Bad Boy;2021-03-19;the way stop;1
Bad Boy;2021-03-19;way stop calling;1
Bad Boy;2021-03-19;stop calling me;1
Bad Boy;2021-03-19;calling me 'shortly;1
Bad Boy;2021-03-19;me 'shortly ';1
Bad Boy;2021-03-19;'shortly ' Pleasure;1
Bad Boy;2021-03-19;' Pleasure doing;1
Bad Boy;2021-03-19;Pleasure doing business;1
Bad Boy;2021-03-19;doing business with;1
Bad Boy;2021-03-19;business with you;1
Bad Boy;2021-03-19;with you ...;1
Bad Boy;2021-03-20;One good deal;1
Bad Boy;2021-03-20;good deal ,;1
Bad Boy;2021-03-20;deal , deserves;1
Bad Boy;2021-03-20;, deserves another;1
Bad Boy;2021-03-20;deserves another ..;1
Bad Boy;2021-03-20;another .. So;1
Bad Boy;2021-03-20;.. So how;1
Bad Boy;2021-03-20;So how about;1
Bad Boy;2021-03-20;how about a;1
Bad Boy;2021-03-20;about a drugs;1
Bad Boy;2021-03-20;a drugs trade;1
Bad Boy;2021-03-20;drugs trade ?;1
Bad Boy;2021-03-20;trade ? Well;1
Bad Boy;2021-03-20;? Well how;1
Bad Boy;2021-03-20;Well how convenient;1
Bad Boy;2021-03-20;how convenient ?;1
Bad Boy;2021-03-20;convenient ? \nSo;1
Bad Boy;2021-03-20;? \nSo what;1
Bad Boy;2021-03-20;\nSo what 's;1
Bad Boy;2021-03-20;what 's the;1
Bad Boy;2021-03-20;'s the price;1
Bad Boy;2021-03-20;the price of;1
Bad Boy;2021-03-20;price of that;1
Bad Boy;2021-03-20;of that then;1
Bad Boy;2021-03-20;that then ?;1
Bad Boy;2021-03-20;then ? ≡ƒñ¼;1
Bad Boy;2021-03-20;? ≡ƒñ¼ fuck;1
Bad Boy;2021-03-20;≡ƒñ¼ fuck that;1
Bad Boy;2021-03-20;fuck that 's;1
Bad Boy;2021-03-20;that 's expensive;1
Bad Boy;2021-03-20;'s expensive Ok;1
Bad Boy;2021-03-20;expensive Ok I;1
Bad Boy;2021-03-20;Ok I need;1
Bad Boy;2021-03-20;I need time;1
Bad Boy;2021-03-20;need time to;1
Bad Boy;2021-03-20;time to find;1
Bad Boy;2021-03-20;to find the;1
Bad Boy;2021-03-20;find the cash;1
Bad Boy;2021-03-21;Ok I can;1
Bad Boy;2021-03-21;I can get;1
Bad Boy;2021-03-21;can get the;1
Bad Boy;2021-03-21;get the cash;1
Bad Boy;2021-03-21;the cash .;1
Bad Boy;2021-03-21;cash . Just;1
Bad Boy;2021-03-21;. Just need;1
Bad Boy;2021-03-21;Just need 48hrs;1
Bad Boy;2021-03-21;need 48hrs .;1
Bad Boy;2021-03-21;48hrs . When;1
Bad Boy;2021-03-21;. When can;1
Bad Boy;2021-03-21;When can we;1
Bad Boy;2021-03-21;can we trade;1
Bad Boy;2021-03-21;we trade ?;1
Bad Boy;2021-03-21;trade ? Yes;1
Bad Boy;2021-03-21;? Yes ok;1
Bad Boy;2021-03-21;Yes ok I;1
Bad Boy;2021-03-21;ok I give;1
Bad Boy;2021-03-21;I give you;1
Bad Boy;2021-03-21;give you 1000kr;1
Bad Boy;2021-03-21;you 1000kr tomorrow;1
Bad Boy;2021-03-21;1000kr tomorrow I;1
Bad Boy;2021-03-21;tomorrow I guess;1
Bad Boy;2021-03-21;I guess I;1
Bad Boy;2021-03-21;guess I should;1
Bad Boy;2021-03-21;I should n't;1
Bad Boy;2021-03-21;should n't ask;1
Bad Boy;2021-03-21;n't ask where;1
Bad Boy;2021-03-21;ask where they;1
Bad Boy;2021-03-21;where they came;1
Bad Boy;2021-03-21;they came from;1
Bad Boy;2021-03-21;came from ?;1
Bad Boy;2021-03-24;You ready for;1
Bad Boy;2021-03-24;ready for an;1
Bad Boy;2021-03-24;for an exchange;1
Bad Boy;2021-03-24;an exchange ?;1
Bad Boy;2021-03-24;exchange ? Yes;1
Bad Boy;2021-03-24;? Yes let;1
Bad Boy;2021-03-24;Yes let 's;1
Bad Boy;2021-03-24;let 's do;1
Bad Boy;2021-03-24;'s do this;1
Bad Boy;2021-03-24;do this .;1
Bad Boy;2021-03-24;this . nan;1
Bad Boy;2021-03-24;. nan Meet;1
Bad Boy;2021-03-24;nan Meet me;1
Bad Boy;2021-03-24;Meet me here;1
Bad Boy;2021-03-24;me here in;1
Bad Boy;2021-03-24;here in 30;1
Bad Boy;2021-03-24;in 30 mins;1
Bad Boy;2021-03-24;30 mins You;1
Bad Boy;2021-03-24;mins You there;1
Bad Boy;2021-03-24;You there yet;1
Bad Boy;2021-03-24;there yet .;1
Bad Boy;2021-03-24;yet . Getting;1
Bad Boy;2021-03-24;. Getting nervous;1
Bad Boy;2021-03-24;Getting nervous carrying;1
Bad Boy;2021-03-24;nervous carrying this;1
Bad Boy;2021-03-24;carrying this much;1
Bad Boy;2021-03-24;this much cash;1
Bad Boy;2021-03-24;much cash ..;1
Bad Boy;2021-03-24;cash .. Yes;1
Bad Boy;2021-03-24;.. Yes ok;1
Bad Boy;2021-03-24;Yes ok I;1
Bad Boy;2021-03-24;ok I around;1
Bad Boy;2021-03-24;I around the;1
Bad Boy;2021-03-24;around the back;1
Bad Boy;2021-03-24;the back of;1
Bad Boy;2021-03-24;back of the;1
Bad Boy;2021-03-24;of the shop;1
Bad Boy;2021-03-24;the shop ...;1
Bad Boy;2021-03-24;shop ... Black;1
Bad Boy;2021-03-24;... Black BMW;1
Bad Boy;2021-03-24;Black BMW nan;1
Bad Boy;2021-03-24;BMW nan Here;1
Bad Boy;2021-03-24;nan Here Glad;1
Bad Boy;2021-03-24;Here Glad we;1
Bad Boy;2021-03-24;Glad we can;1
Bad Boy;2021-03-24;we can work;1
Bad Boy;2021-03-24;can work together;1
Bad Boy;2021-03-24;work together again;1
Bad Boy;2021-03-24;together again .;1
Bad Boy;2021-03-24;again . I;1
Bad Boy;2021-03-24;. I 'll;1
Bad Boy;2021-03-24;I 'll be;1
Bad Boy;2021-03-24;'ll be back;1
Bad Boy;2021-03-24;be back for;1
Bad Boy;2021-03-24;back for more;1
Bad Boy;2021-03-24;for more in;1
Bad Boy;2021-03-24;more in due;1
Bad Boy;2021-03-24;in due coursem;1
Bad Boy;2021-03-25;Business is booming;1
Bad Boy;2021-03-25;is booming .;1
Bad Boy;2021-03-25;booming . Going;1
Bad Boy;2021-03-25;. Going to;1
Bad Boy;2021-03-25;Going to need;1
Bad Boy;2021-03-25;to need another;1
Bad Boy;2021-03-25;need another delivery;1
Bad Boy;2021-03-25;another delivery in;1
Bad Boy;2021-03-25;delivery in 2;1
Bad Boy;2021-03-25;in 2 weeks;1
Bad Boy;2021-03-25;2 weeks .;1
Bad Boy;2021-03-25;weeks . Can;1
Bad Boy;2021-03-25;. Can you;1
Bad Boy;2021-03-25;Can you deliver;1
Bad Boy;2021-03-25;you deliver ?;1
Bad Boy;2021-03-26;Make it a;1
Bad Boy;2021-03-26;it a week;1
Bad Boy;2021-03-26;a week .;1
Bad Boy;2021-03-26;week . This;1
Bad Boy;2021-03-26;. This stuff;1
Bad Boy;2021-03-26;This stuff is;1
Bad Boy;2021-03-26;stuff is selling;1
Bad Boy;2021-03-26;is selling so;1
Bad Boy;2021-03-26;selling so fast;1
Bad Boy;2021-03-26;so fast I;1
Bad Boy;2021-03-26;fast I ca;1
Bad Boy;2021-03-26;I ca n't;1
Bad Boy;2021-03-26;ca n't keep;1
Bad Boy;2021-03-26;n't keep up;1
Bad Boy;2021-03-26;keep up .;1
Bad Boy;2021-03-26;up . Need;1
Bad Boy;2021-03-26;. Need new;1
Bad Boy;2021-03-26;Need new packages;1
Bad Boy;2021-03-26;new packages asap;1
Bad Boy;2021-03-26;packages asap No;1
Bad Boy;2021-03-26;asap No man;1
Bad Boy;2021-03-26;No man ..;1
Bad Boy;2021-03-26;man .. stop;1
Bad Boy;2021-03-26;.. stop being;1
Bad Boy;2021-03-26;stop being so;1
Bad Boy;2021-03-26;being so paranoid;1
Bad Boy;2021-03-27;Yer man .;1
Bad Boy;2021-03-27;man . Which;1
Bad Boy;2021-03-27;. Which bit;1
Bad Boy;2021-03-27;Which bit of;1
Bad Boy;2021-03-27;bit of that;1
Bad Boy;2021-03-27;of that last;1
Bad Boy;2021-03-27;that last message;1
Bad Boy;2021-03-27;last message did;1
Bad Boy;2021-03-27;message did n't;1
Bad Boy;2021-03-27;did n't you;1
Bad Boy;2021-03-27;n't you understand;1
Bad Boy;2021-03-27;you understand ?;1
Bad Boy;2021-03-27;understand ? I;1
Bad Boy;2021-03-27;? I can;1
Bad Boy;2021-03-27;I can sell;1
Bad Boy;2021-03-27;can sell this;1
Bad Boy;2021-03-27;sell this shit;1
Bad Boy;2021-03-27;this shit all;1
Bad Boy;2021-03-27;shit all day;1
Bad Boy;2021-03-27;all day long;1
Bad Boy;2021-03-27;day long .;1
Bad Boy;2021-03-27;long . I;1
Bad Boy;2021-03-27;. I am;1
Bad Boy;2021-03-27;I am raking;1
Bad Boy;2021-03-27;am raking in;1
Bad Boy;2021-03-27;raking in cash;1
Bad Boy;2021-03-27;in cash ...;1
Bad Boy;2021-03-27;cash ... Give;1
Bad Boy;2021-03-27;... Give me;1
Bad Boy;2021-03-27;Give me a;1
Bad Boy;2021-03-27;me a delivery;1
Bad Boy;2021-03-27;a delivery date;1
Bad Boy;2021-03-27;delivery date please;1
Bad Boy;2021-03-27;date please !;1
Bad Boy;2021-03-27;please ! nan;1
Bad Boy;2021-03-27;! nan I;1
Bad Boy;2021-03-27;nan I need;1
Bad Boy;2021-03-27;I need more;1
Bad Boy;2021-03-27;need more white;1
Bad Boy;2021-03-27;more white lines;1
Bad Boy;2021-03-27;white lines ,;1
Bad Boy;2021-03-27;lines , this;1
Bad Boy;2021-03-27;, this big;1
Bad Boy;2021-03-27;this big !;1
Bad Boy;2021-03-28;What 's up;1
Bad Boy;2021-03-28;'s up ?;1
Bad Boy;2021-03-28;up ? Got;1
Bad Boy;2021-03-28;? Got any;1
Bad Boy;2021-03-28;Got any gear;1
Bad Boy;2021-03-28;any gear ?;1
Bad Boy;2021-03-28;gear ? ?;1
Bad Boy;2021-03-28;? ? ?;1
Bad Boy;2021-03-28;? ? Gold;1
Bad Boy;2021-03-28;? Gold stuff;1
Bad Boy;2021-03-28;Gold stuff ?;1
Bad Boy;2021-03-28;stuff ? Yerrrrr\nHow;1
Bad Boy;2021-03-28;? Yerrrrr\nHow much;1
Bad Boy;2021-03-28;Yerrrrr\nHow much ?;1
Bad Boy;2021-03-28;much ? ?;1
Bad Boy;2021-03-28;? ? Christ;1
Bad Boy;2021-03-28;? Christ almighty;1
Bad Boy;2021-03-28;Christ almighty that;1
Bad Boy;2021-03-28;almighty that 's;1
Bad Boy;2021-03-28;that 's steep;1
Bad Boy;2021-03-28;'s steep .;1
Bad Boy;2021-03-28;steep . 7500kr;1
Bad Boy;2021-03-28;. 7500kr best;1
Bad Boy;2021-03-28;7500kr best offer4;1
Bad Boy;2021-03-28;best offer4 Ok;1
Bad Boy;2021-03-28;offer4 Ok deal;1
Bad Boy;2021-03-28;Ok deal Hey;1
Bad Boy;2021-03-28;deal Hey you;1
Bad Boy;2021-03-28;Hey you looking;1
Bad Boy;2021-03-28;you looking for;1
Bad Boy;2021-03-28;looking for a;1
Bad Boy;2021-03-28;for a safe;1
Bad Boy;2021-03-28;a safe cracker;1
Bad Boy;2021-03-28;safe cracker ?;1
Bad Boy;2021-03-29;Yes yes yes;1
Bad Boy;2021-03-29;yes yes How;1
Bad Boy;2021-03-29;yes How much;1
Bad Boy;2021-03-29;How much Yes;1
Bad Boy;2021-03-29;much Yes deal;1
Bad Boy;2021-03-29;Yes deal .;1
Bad Boy;2021-03-29;deal . I;1
Bad Boy;2021-03-29;. I get;1
Bad Boy;2021-03-29;I get cash;1
Bad Boy;2021-03-29;get cash in;1
Bad Boy;2021-03-29;cash in 24hrs;1
Bad Boy;2021-03-29;in 24hrs .;1
Bad Boy;2021-03-29;24hrs . Can;1
Bad Boy;2021-03-29;. Can we;1
Bad Boy;2021-03-29;Can we meet;1
Bad Boy;2021-03-29;we meet tomorrow;1
Bad Boy;2021-03-29;meet tomorrow at;1
Bad Boy;2021-03-29;tomorrow at location;1
Bad Boy;2021-03-29;at location you;1
Bad Boy;2021-03-29;location you choose;1
Bad Boy;2021-03-29;you choose ?;1
Bad Boy;2021-03-29;choose ? ?;1
Bad Boy;2021-03-29;? ? ?;1
Bad Boy;2021-03-29;? ? Ok;1
Bad Boy;2021-03-29;? Ok 1830hrs;1
Bad Boy;2021-03-29;Ok 1830hrs ish;1
Bad Boy;2021-03-29;1830hrs ish @;1
Bad Boy;2021-03-29;ish @ Barkaby;1
Bad Boy;2021-03-29;@ Barkaby Coop;1
Bad Boy;2021-03-29;Barkaby Coop tomorrow;1
Bad Boy;2021-03-29;Coop tomorrow night;1
Bad Boy;2021-03-29;tomorrow night .;1
Bad Boy;2021-03-29;night . The;1
Bad Boy;2021-03-29;. The one;1
Bad Boy;2021-03-29;The one by;1
Bad Boy;2021-03-29;one by the;1
Bad Boy;2021-03-29;by the train;1
Bad Boy;2021-03-29;the train station;1
Bad Boy;2021-03-29;train station .;1
Bad Boy;2021-03-29;station . Is;1
Bad Boy;2021-03-29;. Is that;1
Bad Boy;2021-03-29;Is that the;1
Bad Boy;2021-03-29;that the one;1
Bad Boy;2021-03-29;the one at;1
Bad Boy;2021-03-29;one at Jaktplan;1
Bad Boy;2021-03-29;at Jaktplan 1;1
Bad Boy;2021-03-29;Jaktplan 1 ?;1
Bad Boy;2021-03-30;Ok are we;1
Bad Boy;2021-03-30;are we still;1
Bad Boy;2021-03-30;we still up;1
Bad Boy;2021-03-30;still up for;1
Bad Boy;2021-03-30;up for an;1
Bad Boy;2021-03-30;for an exchange;1
Bad Boy;2021-03-30;an exchange this;1
Bad Boy;2021-03-30;exchange this evening;1
Bad Boy;2021-03-30;this evening ?;1
Bad Boy;2021-03-30;evening ? ?;1
Bad Boy;2021-03-30;? ? ?;2
Bad Boy;2021-03-30;? ? Yes;1
Bad Boy;2021-03-30;? Yes obviously;1
Bad Boy;2021-03-30;Yes obviously .;1
Bad Boy;2021-03-30;obviously . 15,000kr;1
Bad Boy;2021-03-30;. 15,000kr is;1
Bad Boy;2021-03-30;15,000kr is the;1
Bad Boy;2021-03-30;is the deal;1
Bad Boy;2021-03-30;the deal .;1
Bad Boy;2021-03-30;deal . I;1
Bad Boy;2021-03-30;. I will;1
Bad Boy;2021-03-30;I will be;1
Bad Boy;2021-03-30;will be there;1
Bad Boy;2021-03-30;be there .;1
Bad Boy;2021-03-30;there . nan;1
Bad Boy;2021-03-30;. nan Ok;1
Bad Boy;2021-03-30;nan Ok ....;1
Bad Boy;2021-03-30;Ok .... get;1
Bad Boy;2021-03-30;.... get there;1
Bad Boy;2021-03-30;get there when;1
Bad Boy;2021-03-30;there when I;1
Bad Boy;2021-03-30;when I can;1
Bad Boy;2021-03-30;I can .;1
Bad Boy;2021-03-30;can . I;1
Bad Boy;2021-03-30;. I come;1
Bad Boy;2021-03-30;I come alone;1
Bad Boy;2021-03-30;come alone by;1
Bad Boy;2021-03-30;alone by train;1
Bad Boy;2021-03-30;by train ..;1
Bad Boy;2021-03-30;train .. Be;1
Bad Boy;2021-03-30;.. Be there;1
Bad Boy;2021-03-30;Be there soon;1
Bad Boy;2021-03-30;there soon man;1
Bad Boy;2021-03-30;soon man .;1
Bad Boy;2021-03-30;man . U;1
Bad Boy;2021-03-30;. U got;1
Bad Boy;2021-03-30;U got the;1
Bad Boy;2021-03-30;got the gear;1
Bad Boy;2021-03-30;the gear ?;1
Bad Boy;2021-03-30;gear ? ?;1
Bad Boy;2021-03-30;? ? Yep;1
Bad Boy;2021-03-30;? Yep coming;1
Bad Boy;2021-03-30;Yep coming now;1
Bad Boy;2021-03-30;coming now ...;1
Bad Boy;2021-03-30;now ... Pleasure;1
Bad Boy;2021-03-30;... Pleasure doing;1
Bad Boy;2021-03-30;Pleasure doing business;1
Bad Boy;2021-03-30;doing business with;1
Bad Boy;2021-03-30;business with you;1
Bad Boy;2021-03-30;with you again;1
Bad Boy;2021-03-30;you again ...;1
Bad Boy;2021-04-01;Is this some;1
Bad Boy;2021-04-01;this some sort;1
Bad Boy;2021-04-01;some sort of;1
Bad Boy;2021-04-01;sort of sick;1
Bad Boy;2021-04-01;of sick April;1
Bad Boy;2021-04-01;sick April Fools;1
Bad Boy;2021-04-01;April Fools joke;1
Bad Boy;2021-04-01;Fools joke ?;1
Bad Boy;2021-04-01;joke ? ?;1
Bad Boy;2021-04-01;? ? ?;1
Bad Boy;2021-04-01;? ? Really;1
Bad Boy;2021-04-01;? Really ok;1
Bad Boy;2021-04-01;Really ok ?;1
Bad Boy;2021-04-01;ok ? You;1
Bad Boy;2021-04-01;? You have;1
Bad Boy;2021-04-01;You have my;1
Bad Boy;2021-04-01;have my word;1
Bad Boy;2021-04-01;my word .;1
Bad Boy;2021-04-01;word . Just;1
Bad Boy;2021-04-01;. Just make;1
Bad Boy;2021-04-01;Just make sure;1
Bad Boy;2021-04-01;make sure the;1
Bad Boy;2021-04-01;sure the gear;1
Bad Boy;2021-04-01;the gear keeps;1
Bad Boy;2021-04-01;gear keeps flowing;1
Bad Boy;2021-04-01;keeps flowing yer;1
Bad Boy;2021-04-01;flowing yer ?;1
Bad Boy;2021-04-01;yer ? Alright;1
Bad Boy;2021-04-01;? Alright man;1
Bad Boy;2021-04-01;Alright man .;1
Bad Boy;2021-04-01;man . Whatever;1
Bad Boy;2021-04-01;. Whatever you;1
Bad Boy;2021-04-01;Whatever you say;1
Bad Boy;2021-04-01;you say boss;1
Bad Boy;2021-04-01;say boss ....;1
Bad Boy;2021-04-01;boss .... nan;1
Bad Boy;2021-04-01;.... nan Just;1
Bad Boy;2021-04-01;nan Just promise;1
Bad Boy;2021-04-01;Just promise me;1
Bad Boy;2021-04-01;promise me I;1
Bad Boy;2021-04-01;me I can;1
Bad Boy;2021-04-01;I can stay;1
Bad Boy;2021-04-01;can stay in;1
Bad Boy;2021-04-01;stay in business;1
Bad Boy;2021-04-01;in business ....;1
Bad Boy;2021-04-01;business .... https;1
Bad Boy;2021-04-01;.... https :;1
Bad Boy;2021-04-01;https : //images.app.goo.gl/ykj9WorVVQbVh3kd7;1
Bad Boy;2021-04-02;Getting nervous .;1
Bad Boy;2021-04-02;nervous . Am;1
Bad Boy;2021-04-02;. Am I;1
Bad Boy;2021-04-02;Am I overthinking;1
Bad Boy;2021-04-02;I overthinking things;1
Bad Boy;2021-04-02;overthinking things ...;1
Bad Boy;2021-04-02;things ... ?;1
Maverick SOB;2021-02-24;Split personality ?;1
Maverick SOB;2021-02-24;personality ? nan;1
Maverick SOB;2021-02-25;Damn ... what;1
Maverick SOB;2021-02-25;... what else;1
Maverick SOB;2021-02-25;what else u;1
Maverick SOB;2021-02-25;else u got;1
Maverick SOB;2021-02-25;u got .;1
Maverick SOB;2021-02-25;got . I;1
Maverick SOB;2021-02-25;. I need;1
Maverick SOB;2021-02-25;I need tools;1
Maverick SOB;2021-02-25;need tools for;1
Maverick SOB;2021-02-25;tools for 2;1
Maverick SOB;2021-02-25;for 2 at;1
Maverick SOB;2021-02-25;2 at least;1
Maverick SOB;2021-02-25;at least on;1
Maverick SOB;2021-02-25;least on next;1
Maverick SOB;2021-02-25;on next job;1
Maverick SOB;2021-02-25;next job .;1
Maverick SOB;2021-02-25;job . nan;1
Maverick SOB;2021-02-27;nan Got some;1
Maverick SOB;2021-02-27;Got some more;1
Maverick SOB;2021-02-27;some more for;1
Maverick SOB;2021-02-27;more for you;1
Maverick SOB;2021-02-27;for you ...;1
Maverick SOB;2021-03-05;nan nan nan;2
Maverick SOB;2021-03-05;nan nan Damn;1
Maverick SOB;2021-03-05;nan Damn man;1
Maverick SOB;2021-03-05;Damn man you;1
Maverick SOB;2021-03-05;man you 're;1
Maverick SOB;2021-03-05;you 're Fagin;1
Maverick SOB;2021-03-05;'re Fagin now;1
Maverick SOB;2021-03-05;Fagin now ?;1
Maverick SOB;2021-03-09;So what 's;1
Maverick SOB;2021-03-09;what 's up;1
Maverick SOB;2021-03-09;'s up .;1
Maverick SOB;2021-03-09;up . You;1
Maverick SOB;2021-03-09;. You selling;1
Maverick SOB;2021-03-09;You selling anything;1
Maverick SOB;2021-03-09;selling anything more;1
Maverick SOB;2021-03-09;anything more ?;1
Maverick SOB;2021-03-10;Oh man ,;1
Maverick SOB;2021-03-10;man , yes;1
Maverick SOB;2021-03-10;, yes I;1
Maverick SOB;2021-03-10;yes I need;1
Maverick SOB;2021-03-10;I need help;1
Maverick SOB;2021-03-10;need help to;1
Maverick SOB;2021-03-10;help to shift;1
Maverick SOB;2021-03-10;to shift all;1
Maverick SOB;2021-03-10;shift all this;1
Maverick SOB;2021-03-10;all this stolen;1
Maverick SOB;2021-03-10;this stolen gear;1
Maverick SOB;2021-03-10;stolen gear .;1
Maverick SOB;2021-03-10;gear . There;1
Maverick SOB;2021-03-10;. There 's;1
Maverick SOB;2021-03-10;There 's so;1
Maverick SOB;2021-03-10;'s so much;1
Maverick SOB;2021-03-10;so much of;1
Maverick SOB;2021-03-10;much of it;1
Maverick SOB;2021-03-10;of it .;1
Maverick SOB;2021-03-10;it . The;1
Maverick SOB;2021-03-10;. The team;1
Maverick SOB;2021-03-10;The team have;1
Maverick SOB;2021-03-10;team have been;1
Maverick SOB;2021-03-10;have been busy;1
Maverick SOB;2021-03-10;been busy little;1
Maverick SOB;2021-03-10;busy little bees;1
Maverick SOB;2021-03-10;little bees ≡ƒÉ¥;1
Maverick SOB;2021-03-10;bees ≡ƒÉ¥ nan;1
Maverick SOB;2021-03-10;≡ƒÉ¥ nan nan;1
Maverick SOB;2021-03-10;nan nan nan;8
Maverick SOB;2021-03-10;nan nan What;1
Maverick SOB;2021-03-10;nan What can;1
Maverick SOB;2021-03-10;What can you;1
Maverick SOB;2021-03-10;can you offer;1
Maverick SOB;2021-03-10;you offer me;1
Maverick SOB;2021-03-10;offer me ?;1
Maverick SOB;2021-03-10;me ? nan;1
Maverick SOB;2021-03-10;? nan nan;1
Maverick SOB;2021-03-10;nan nan Spicy;1
Maverick SOB;2021-03-10;nan Spicy ?;1
Maverick SOB;2021-03-11;nan Snowy ≡ƒî¿;1
Maverick SOB;2021-03-11;Snowy ≡ƒî¿ out;1
Maverick SOB;2021-03-12;nan Want to;1
Maverick SOB;2021-03-12;Want to buy;1
Maverick SOB;2021-03-12;to buy some;1
Maverick SOB;2021-03-12;buy some candlesticks;1
Maverick SOB;2021-03-12;some candlesticks ?;1
Maverick SOB;2021-03-13;nan I pay;1
Maverick SOB;2021-03-13;I pay ...;1
Maverick SOB;2021-03-13;pay ... nan;1
Maverick SOB;2021-03-13;... nan (;1
Maverick SOB;2021-03-13;nan ( smiley;1
Maverick SOB;2021-03-13;( smiley );1
Maverick SOB;2021-03-14;OK will be;1
Maverick SOB;2021-03-14;will be careful;1
Maverick SOB;2021-03-14;be careful ...;1
Maverick SOB;2021-03-16;Oh jeez .;1
Maverick SOB;2021-03-16;jeez . U;1
Maverick SOB;2021-03-16;. U r;1
Maverick SOB;2021-03-16;U r everywhere;1
Maverick SOB;2021-03-16;r everywhere What;1
Maverick SOB;2021-03-16;everywhere What do;1
Maverick SOB;2021-03-16;What do you;1
Maverick SOB;2021-03-16;do you want;1
Maverick SOB;2021-03-16;you want man;1
Maverick SOB;2021-03-16;want man ?;1
Maverick SOB;2021-03-16;man ? OK;1
Maverick SOB;2021-03-16;? OK but;1
Maverick SOB;2021-03-16;OK but how;1
Maverick SOB;2021-03-16;but how can;1
Maverick SOB;2021-03-16;how can I;1
Maverick SOB;2021-03-16;can I trust;1
Maverick SOB;2021-03-16;I trust you;1
Maverick SOB;2021-03-16;trust you after;1
Maverick SOB;2021-03-16;you after last;1
Maverick SOB;2021-03-16;after last time;1
Maverick SOB;2021-03-16;last time ?;1
Maverick SOB;2021-03-16;time ? You;1
Maverick SOB;2021-03-16;? You really;1
Maverick SOB;2021-03-16;You really screwed;1
Maverick SOB;2021-03-16;really screwed up;1
Maverick SOB;2021-03-16;screwed up ...;1
Maverick SOB;2021-03-16;up ... Ha;1
Maverick SOB;2021-03-16;... Ha yer;1
Maverick SOB;2021-03-16;Ha yer right;1
Maverick SOB;2021-03-16;yer right .;1
Maverick SOB;2021-03-16;right . How;1
Maverick SOB;2021-03-16;. How many;1
Maverick SOB;2021-03-16;How many times;1
Maverick SOB;2021-03-16;many times have;1
Maverick SOB;2021-03-16;times have I;1
Maverick SOB;2021-03-16;have I heard;1
Maverick SOB;2021-03-16;I heard that;1
Maverick SOB;2021-03-16;heard that shit;1
Maverick SOB;2021-03-16;that shit before;1
Maverick SOB;2021-03-16;shit before .;1
Maverick SOB;2021-03-16;before . ≡ƒñö;1
Maverick SOB;2021-03-16;. ≡ƒñö I;1
Maverick SOB;2021-03-16;≡ƒñö I need;1
Maverick SOB;2021-03-16;I need to;1
Maverick SOB;2021-03-16;need to speak;1
Maverick SOB;2021-03-16;to speak to;1
Maverick SOB;2021-03-16;speak to Goose;1
Maverick SOB;2021-03-16;to Goose about;1
Maverick SOB;2021-03-16;Goose about this;1
Maverick SOB;2021-03-16;about this ...;1
Maverick SOB;2021-03-16;this ... 500kr;1
Maverick SOB;2021-03-16;... 500kr Your;1
Maverick SOB;2021-03-16;500kr Your loss;1
Maverick SOB;2021-03-16;Your loss ,;1
Maverick SOB;2021-03-16;loss , not;1
Maverick SOB;2021-03-16;, not mine;1
Maverick SOB;2021-03-16;not mine .;1
Maverick SOB;2021-03-17;OK Bad Boy;1
Maverick SOB;2021-03-17;Bad Boy ...;1
Maverick SOB;2021-03-17;Boy ... Goose;1
Maverick SOB;2021-03-17;... Goose agreed;1
Maverick SOB;2021-03-17;Goose agreed to;1
Maverick SOB;2021-03-17;agreed to give;1
Maverick SOB;2021-03-17;to give you;1
Maverick SOB;2021-03-17;give you a;1
Maverick SOB;2021-03-17;you a second;1
Maverick SOB;2021-03-17;a second chance;1
Maverick SOB;2021-03-17;second chance ,;1
Maverick SOB;2021-03-17;chance , but;1
Maverick SOB;2021-03-17;, but you;1
Maverick SOB;2021-03-17;but you need;1
Maverick SOB;2021-03-17;you need to;1
Maverick SOB;2021-03-17;need to do;1
Maverick SOB;2021-03-17;to do everything;1
Maverick SOB;2021-03-17;do everything we;1
Maverick SOB;2021-03-17;everything we say;1
Maverick SOB;2021-03-17;we say OK;1
Maverick SOB;2021-03-17;say OK ?;1
Maverick SOB;2021-03-17;OK ? Dear;1
Maverick SOB;2021-03-17;? Dear God;1
Maverick SOB;2021-03-17;Dear God ,;1
Maverick SOB;2021-03-17;God , please;1
Maverick SOB;2021-03-17;, please make;1
Maverick SOB;2021-03-17;please make sure;1
Maverick SOB;2021-03-17;make sure I;1
Maverick SOB;2021-03-17;sure I do;1
Maverick SOB;2021-03-17;I do n't;1
Maverick SOB;2021-03-17;do n't .;1
Maverick SOB;2021-03-17;n't . Sick;1
Maverick SOB;2021-03-17;. Sick of;1
Maverick SOB;2021-03-17;Sick of cleaning;1
Maverick SOB;2021-03-17;of cleaning up;1
Maverick SOB;2021-03-17;cleaning up after;1
Maverick SOB;2021-03-17;up after others;1
Maverick SOB;2021-03-17;after others .;1
Maverick SOB;2021-03-17;others . First;1
Maverick SOB;2021-03-17;. First job;1
Maverick SOB;2021-03-17;First job .;1
Maverick SOB;2021-03-17;job . Find;1
Maverick SOB;2021-03-17;. Find us;1
Maverick SOB;2021-03-17;Find us a;1
Maverick SOB;2021-03-17;us a place;1
Maverick SOB;2021-03-17;a place to;1
Maverick SOB;2021-03-17;place to rob;1
Maverick SOB;2021-03-17;to rob ..;1
Maverick SOB;2021-03-17;rob .. In;1
Maverick SOB;2021-03-17;.. In the;1
Maverick SOB;2021-03-17;In the city;1
Maverick SOB;2021-03-17;the city ?;1
Maverick SOB;2021-03-17;city ? Nah;1
Maverick SOB;2021-03-17;? Nah man;1
Maverick SOB;2021-03-17;Nah man that;1
Maverick SOB;2021-03-17;man that 's;1
Maverick SOB;2021-03-17;that 's someone;1
Maverick SOB;2021-03-17;'s someone else;1
Maverick SOB;2021-03-17;someone else 's;1
Maverick SOB;2021-03-17;else 's turf;1
Maverick SOB;2021-03-17;'s turf .;1
Maverick SOB;2021-03-17;turf . We;1
Maverick SOB;2021-03-17;. We stick;1
Maverick SOB;2021-03-17;We stick to;1
Maverick SOB;2021-03-17;stick to the;1
Maverick SOB;2021-03-17;to the suburbs;1
Maverick SOB;2021-03-17;the suburbs or;1
Maverick SOB;2021-03-17;suburbs or get;1
Maverick SOB;2021-03-17;or get whacked;1
Maverick SOB;2021-03-17;get whacked .;1
Maverick SOB;2021-03-17;whacked . Local;1
Maverick SOB;2021-03-17;. Local numbers;1
Maverick SOB;2021-03-17;Local numbers only;1
Maverick SOB;2021-03-17;numbers only You;1
Maverick SOB;2021-03-17;only You photo;1
Maverick SOB;2021-03-17;You photo bombed;1
Maverick SOB;2021-03-17;photo bombed ?;1
Maverick SOB;2021-03-17;bombed ? nan;1
Maverick SOB;2021-03-17;? nan Maybe;1
Maverick SOB;2021-03-17;nan Maybe .;1
Maverick SOB;2021-03-17;Maybe . How;1
Maverick SOB;2021-03-17;. How much;1
Maverick SOB;2021-03-17;How much do;1
Maverick SOB;2021-03-17;much do you;1
Maverick SOB;2021-03-17;do you want;1
Maverick SOB;2021-03-17;you want ?;1
Maverick SOB;2021-03-19;OK later on;1
Maverick SOB;2021-03-19;later on meet;1
Maverick SOB;2021-03-19;on meet here;1
Maverick SOB;2021-03-19;meet here .;1
Maverick SOB;2021-03-19;here . nan;1
Maverick SOB;2021-03-19;. nan What;1
Maverick SOB;2021-03-19;nan What time;1
Maverick SOB;2021-03-19;What time do;1
Maverick SOB;2021-03-19;time do ya;1
Maverick SOB;2021-03-19;do ya think;1
Maverick SOB;2021-03-19;ya think ?;1
Maverick SOB;2021-03-19;think ? Yer;1
Maverick SOB;2021-03-19;? Yer OK;1
Maverick SOB;2021-03-19;Yer OK I;1
Maverick SOB;2021-03-19;OK I can;1
Maverick SOB;2021-03-19;I can do;1
Maverick SOB;2021-03-19;can do that;1
Maverick SOB;2021-03-19;do that .;1
Maverick SOB;2021-03-19;that . See;1
Maverick SOB;2021-03-19;. See you;1
Maverick SOB;2021-03-19;See you there;1
Maverick SOB;2021-03-19;you there shortly;1
Maverick SOB;2021-03-19;there shortly .;1
Maverick SOB;2021-03-19;shortly . Bring;1
Maverick SOB;2021-03-19;. Bring the;1
Maverick SOB;2021-03-19;Bring the packages;1
Maverick SOB;2021-03-19;the packages ≡ƒôª;1
Maverick SOB;2021-03-19;packages ≡ƒôª nan;1
Maverick SOB;2021-03-19;≡ƒôª nan Good;1
Maverick SOB;2021-03-19;nan Good idea;1
Maverick SOB;2021-03-19;Good idea to;1
Maverick SOB;2021-03-19;idea to make;1
Maverick SOB;2021-03-19;to make it;1
Maverick SOB;2021-03-19;make it look;1
Maverick SOB;2021-03-19;it look like;1
Maverick SOB;2021-03-19;look like you;1
Maverick SOB;2021-03-19;like you were;1
Maverick SOB;2021-03-19;you were just;1
Maverick SOB;2021-03-19;were just picking;1
Maverick SOB;2021-03-19;just picking up;1
Maverick SOB;2021-03-19;picking up a;1
Maverick SOB;2021-03-19;up a regular;1
Maverick SOB;2021-03-19;a regular parcel;1
Maverick SOB;2021-03-19;regular parcel .;1
Maverick SOB;2021-03-19;parcel . That;1
Maverick SOB;2021-03-19;. That was;1
Maverick SOB;2021-03-19;That was an;1
Maverick SOB;2021-03-19;was an expensive;1
Maverick SOB;2021-03-19;an expensive trade;1
Maverick SOB;2021-03-20;nan Funnily enough;1
Maverick SOB;2021-03-20;Funnily enough I;1
Maverick SOB;2021-03-20;enough I have;1
Maverick SOB;2021-03-20;I have a;1
Maverick SOB;2021-03-20;have a kilo;1
Maverick SOB;2021-03-20;a kilo of;1
Maverick SOB;2021-03-20;kilo of white;1
Maverick SOB;2021-03-20;of white powder;1
Maverick SOB;2021-03-20;white powder available;1
Maverick SOB;2021-03-20;powder available ...;1
Maverick SOB;2021-03-20;available ... nan;1
Maverick SOB;2021-03-20;... nan $;1
Maverick SOB;2021-03-20;nan $ 110,000;1
Maverick SOB;2021-03-20;$ 110,000 allowing;1
Maverick SOB;2021-03-20;110,000 allowing for;1
Maverick SOB;2021-03-20;allowing for inflation;1
Maverick SOB;2021-03-20;for inflation ...;1
Maverick SOB;2021-03-20;inflation ... Yes;1
Maverick SOB;2021-03-20;... Yes well;1
Maverick SOB;2021-03-20;Yes well finest;1
Maverick SOB;2021-03-20;well finest quality;1
Maverick SOB;2021-03-20;finest quality ,;1
Maverick SOB;2021-03-20;quality , very;1
Maverick SOB;2021-03-20;, very cheap;1
Maverick SOB;2021-03-20;very cheap to;1
Maverick SOB;2021-03-20;cheap to you;1
Maverick SOB;2021-03-20;to you my;1
Maverick SOB;2021-03-20;you my friend;1
Maverick SOB;2021-03-20;my friend .;1
Maverick SOB;2021-03-20;friend . You;1
Maverick SOB;2021-03-20;. You can;1
Maverick SOB;2021-03-20;You can cut;1
Maverick SOB;2021-03-20;can cut it;1
Maverick SOB;2021-03-20;cut it down;1
Maverick SOB;2021-03-20;it down and;1
Maverick SOB;2021-03-20;down and quadruple;1
Maverick SOB;2021-03-20;and quadruple the;1
Maverick SOB;2021-03-20;quadruple the value;1
Maverick SOB;2021-03-20;the value ...;1
Maverick SOB;2021-03-20;value ... Tick;1
Maverick SOB;2021-03-20;... Tick tock;1
Maverick SOB;2021-03-20;Tick tock ....;1
Maverick SOB;2021-03-21;Just what I;1
Maverick SOB;2021-03-21;what I needed;1
Maverick SOB;2021-03-21;I needed to;1
Maverick SOB;2021-03-21;needed to hear;1
Maverick SOB;2021-03-21;to hear thank;1
Maverick SOB;2021-03-21;hear thank you;1
Maverick SOB;2021-03-21;thank you .;1
Maverick SOB;2021-03-21;you . Let;1
Maverick SOB;2021-03-21;. Let 's;1
Maverick SOB;2021-03-21;Let 's do;1
Maverick SOB;2021-03-21;'s do Wednesday;1
Maverick SOB;2021-03-21;do Wednesday evening;1
Maverick SOB;2021-03-21;Wednesday evening .;1
Maverick SOB;2021-03-21;evening . Want;1
Maverick SOB;2021-03-21;. Want to;1
Maverick SOB;2021-03-21;Want to buy;1
Maverick SOB;2021-03-21;to buy ?;1
Maverick SOB;2021-03-21;buy ? nan;1
Maverick SOB;2021-03-21;? nan nan;1
Maverick SOB;2021-03-21;nan nan Yes;1
Maverick SOB;2021-03-21;nan Yes they;1
Maverick SOB;2021-03-21;Yes they were;1
Maverick SOB;2021-03-21;they were my;1
Maverick SOB;2021-03-21;were my grandma;1
Maverick SOB;2021-03-21;my grandma 's;1
Maverick SOB;2021-03-21;grandma 's of;1
Maverick SOB;2021-03-21;'s of course;1
Maverick SOB;2021-03-21;of course ...;1
Maverick SOB;2021-03-21;course ... \nDude;1
Maverick SOB;2021-03-21;... \nDude like;1
Maverick SOB;2021-03-21;\nDude like I;1
Maverick SOB;2021-03-21;like I 'm;1
Maverick SOB;2021-03-21;I 'm really;1
Maverick SOB;2021-03-21;'m really going;1
Maverick SOB;2021-03-21;really going to;1
Maverick SOB;2021-03-21;going to admit;1
Maverick SOB;2021-03-21;to admit it;1
Maverick SOB;2021-03-21;admit it 's;1
Maverick SOB;2021-03-21;it 's all;1
Maverick SOB;2021-03-21;'s all stolen;1
Maverick SOB;2021-03-21;all stolen gear;1
Maverick SOB;2021-03-21;stolen gear ?;1
Maverick SOB;2021-03-21;gear ? Seriously;1
Maverick SOB;2021-03-21;? Seriously ?;1
Maverick SOB;2021-03-21;Seriously ? ?;1
Maverick SOB;2021-03-21;? ? ?;1
Maverick SOB;2021-03-21;? ? nan;1
Maverick SOB;2021-03-22;Meet me in;1
Maverick SOB;2021-03-22;me in town;1
Maverick SOB;2021-03-22;in town nan;1
Maverick SOB;2021-03-24;≡ƒæî I will;1
Maverick SOB;2021-03-24;I will be;1
Maverick SOB;2021-03-24;will be there;1
Maverick SOB;2021-03-24;be there bring;1
Maverick SOB;2021-03-24;there bring the;1
Maverick SOB;2021-03-24;bring the cash;1
Maverick SOB;2021-03-24;the cash and;1
Maverick SOB;2021-03-24;cash and you;1
Maverick SOB;2021-03-24;and you get;1
Maverick SOB;2021-03-24;you get the;1
Maverick SOB;2021-03-24;get the delivery;1
Maverick SOB;2021-03-24;the delivery of;1
Maverick SOB;2021-03-24;delivery of powder;1
Maverick SOB;2021-03-24;of powder ....;1
Maverick SOB;2021-03-24;powder .... 10.minutes;1
Maverick SOB;2021-03-24;.... 10.minutes OK;1
Maverick SOB;2021-03-24;10.minutes OK I;1
Maverick SOB;2021-03-24;OK I 'm;1
Maverick SOB;2021-03-24;I 'm here;1
Maverick SOB;2021-03-24;'m here now;1
Maverick SOB;2021-03-24;here now .;1
Maverick SOB;2021-03-24;now . Black;1
Maverick SOB;2021-03-24;. Black jacket;1
Maverick SOB;2021-03-24;Black jacket .;1
Maverick SOB;2021-03-24;jacket . Where;1
Maverick SOB;2021-03-24;. Where are;1
Maverick SOB;2021-03-24;Where are you;1
Maverick SOB;2021-03-24;are you at;1
Maverick SOB;2021-03-24;you at ?;1
Maverick SOB;2021-03-24;at ? ?;1
Maverick SOB;2021-03-24;? ? ?;1
Maverick SOB;2021-03-24;? ? OK;1
Maverick SOB;2021-03-24;? OK yes;1
Maverick SOB;2021-03-24;OK yes yes;1
Maverick SOB;2021-03-24;yes yes I;1
Maverick SOB;2021-03-24;yes I see;1
Maverick SOB;2021-03-24;I see you;1
Maverick SOB;2021-03-24;see you ≡ƒæÇ;1
Maverick SOB;2021-03-24;you ≡ƒæÇ nan;1
Maverick SOB;2021-03-24;≡ƒæÇ nan Pleasure;1
Maverick SOB;2021-03-24;nan Pleasure doing;1
Maverick SOB;2021-03-24;Pleasure doing business;1
Maverick SOB;2021-03-24;doing business with;1
Maverick SOB;2021-03-24;business with you;1
Maverick SOB;2021-03-24;with you Yer;1
Maverick SOB;2021-03-24;you Yer absolutely;1
Maverick SOB;2021-03-25;Wow really ?;1
Maverick SOB;2021-03-25;really ? ?;1
Maverick SOB;2021-03-25;? ? ?;1
Maverick SOB;2021-03-25;? ? \nOK;1
Maverick SOB;2021-03-25;? \nOK let;1
Maverick SOB;2021-03-25;\nOK let me;1
Maverick SOB;2021-03-25;let me check;1
Maverick SOB;2021-03-25;me check Γ£ö;1
Maverick SOB;2021-03-26;God damn .;1
Maverick SOB;2021-03-26;damn . OK;1
Maverick SOB;2021-03-26;. OK I;1
Maverick SOB;2021-03-26;OK I will;1
Maverick SOB;2021-03-26;I will put;1
Maverick SOB;2021-03-26;will put another;1
Maverick SOB;2021-03-26;put another call;1
Maverick SOB;2021-03-26;another call in;1
Maverick SOB;2021-03-26;call in ...;1
Maverick SOB;2021-03-26;in ... nan;1
Maverick SOB;2021-03-26;... nan Are;1
Maverick SOB;2021-03-26;nan Are you;1
Maverick SOB;2021-03-26;Are you watching;1
Maverick SOB;2021-03-26;you watching me;1
Maverick SOB;2021-03-26;watching me ?;1
Maverick SOB;2021-03-26;me ? ?;1
Maverick SOB;2021-03-26;? ? ?;1
Maverick SOB;2021-03-27;OK ok So;1
Maverick SOB;2021-03-27;ok So you;1
Maverick SOB;2021-03-27;So you still;1
Maverick SOB;2021-03-27;you still want;1
Maverick SOB;2021-03-27;still want stuff;1
Maverick SOB;2021-03-27;want stuff ?;1
Maverick SOB;2021-03-27;stuff ? ?;1
Maverick SOB;2021-03-27;? ? ?;1
Maverick SOB;2021-03-27;? ? OK;1
Maverick SOB;2021-03-27;? OK ok;1
Maverick SOB;2021-03-27;OK ok working;1
Maverick SOB;2021-03-27;ok working on;1
Maverick SOB;2021-03-27;working on it;1
Maverick SOB;2021-03-27;on it nan;1
Maverick SOB;2021-03-27;it nan Yer;1
Maverick SOB;2021-03-27;nan Yer OK;1
Maverick SOB;2021-03-27;Yer OK man;1
Maverick SOB;2021-03-27;OK man I;1
Maverick SOB;2021-03-27;man I got;1
Maverick SOB;2021-03-27;I got the;1
Maverick SOB;2021-03-27;got the message;1
Maverick SOB;2021-03-28;Maybe .... \nWhat;1
Maverick SOB;2021-03-28;.... \nWhat u;1
Maverick SOB;2021-03-28;\nWhat u looking;1
Maverick SOB;2021-03-28;u looking for;1
Maverick SOB;2021-03-28;looking for ?;1
Maverick SOB;2021-03-28;for ? ?;1
Maverick SOB;2021-03-28;? ? ?;1
Maverick SOB;2021-03-28;? ? nan;1
Maverick SOB;2021-03-28;? nan Like;1
Maverick SOB;2021-03-28;nan Like this;1
Maverick SOB;2021-03-28;Like this you;1
Maverick SOB;2021-03-28;this you mean;1
Maverick SOB;2021-03-28;you mean ?;1
Maverick SOB;2021-03-28;mean ? 10,000kr;1
Maverick SOB;2021-03-28;? 10,000kr 8000kr;1
Maverick SOB;2021-03-29;nan A package;1
Maverick SOB;2021-03-29;A package has;1
Maverick SOB;2021-03-29;package has arrived;1
Maverick SOB;2021-03-29;has arrived ....;1
Maverick SOB;2021-03-29;arrived .... You;1
Maverick SOB;2021-03-29;.... You still;1
Maverick SOB;2021-03-29;You still in;1
Maverick SOB;2021-03-29;still in the;1
Maverick SOB;2021-03-29;in the market;1
Maverick SOB;2021-03-29;the market ?;1
Maverick SOB;2021-03-29;market ? ?;1
Maverick SOB;2021-03-29;? ? ?;1
Maverick SOB;2021-03-29;? ? Not;1
Maverick SOB;2021-03-29;? Not as;1
Maverick SOB;2021-03-29;Not as big;1
Maverick SOB;2021-03-29;as big a;1
Maverick SOB;2021-03-29;big a quantity;1
Maverick SOB;2021-03-29;a quantity available;1
Maverick SOB;2021-03-29;quantity available this;1
Maverick SOB;2021-03-29;available this time;1
Maverick SOB;2021-03-29;this time .;1
Maverick SOB;2021-03-29;time . 15,000kr;1
Maverick SOB;2021-03-29;. 15,000kr for;1
Maverick SOB;2021-03-29;15,000kr for 100;1
Maverick SOB;2021-03-29;for 100 grams;1
Maverick SOB;2021-03-29;100 grams Yep;1
Maverick SOB;2021-03-29;grams Yep .;1
Maverick SOB;2021-03-29;Yep . Will;1
Maverick SOB;2021-03-29;. Will let;1
Maverick SOB;2021-03-29;Will let you;1
Maverick SOB;2021-03-29;let you know;1
Maverick SOB;2021-03-29;you know .;1
Maverick SOB;2021-03-29;know . Need;1
Maverick SOB;2021-03-29;. Need to;1
Maverick SOB;2021-03-29;Need to speak;1
Maverick SOB;2021-03-29;to speak to;1
Maverick SOB;2021-03-29;speak to someone;1
Maverick SOB;2021-03-29;to someone ...;1
Maverick SOB;2021-03-29;someone ... OK;1
Maverick SOB;2021-03-29;... OK that;1
Maverick SOB;2021-03-29;OK that works;1
Maverick SOB;2021-03-29;that works .;1
Maverick SOB;2021-03-29;works . See;1
Maverick SOB;2021-03-29;. See you;1
Maverick SOB;2021-03-29;See you tomorrow;1
Maverick SOB;2021-03-30;Yes be there;1
Maverick SOB;2021-03-30;be there sometime;1
Maverick SOB;2021-03-30;there sometime between;1
Maverick SOB;2021-03-30;sometime between 6.30-7pm;1
Maverick SOB;2021-03-30;between 6.30-7pm .;1
Maverick SOB;2021-03-30;6.30-7pm . Will;1
Maverick SOB;2021-03-30;. Will let;1
Maverick SOB;2021-03-30;Will let you;1
Maverick SOB;2021-03-30;let you know;1
Maverick SOB;2021-03-30;you know when;1
Maverick SOB;2021-03-30;know when I;1
Maverick SOB;2021-03-30;when I leave;1
Maverick SOB;2021-03-30;I leave with;1
Maverick SOB;2021-03-30;leave with a;1
Maverick SOB;2021-03-30;with a 30;1
Maverick SOB;2021-03-30;a 30 min;1
Maverick SOB;2021-03-30;30 min warning;1
Maverick SOB;2021-03-30;min warning .;1
Maverick SOB;2021-03-30;warning . Bring;1
Maverick SOB;2021-03-30;. Bring the;1
Maverick SOB;2021-03-30;Bring the cash;1
Maverick SOB;2021-03-30;the cash ≡ƒÆ╕;1
Maverick SOB;2021-03-30;cash ≡ƒÆ╕ Good;1
Maverick SOB;2021-03-30;≡ƒÆ╕ Good ≡ƒæì;1
Maverick SOB;2021-03-30;Good ≡ƒæì OK;1
Maverick SOB;2021-03-30;≡ƒæì OK got;1
Maverick SOB;2021-03-30;OK got some;1
Maverick SOB;2021-03-30;got some jobs;1
Maverick SOB;2021-03-30;some jobs done;1
Maverick SOB;2021-03-30;jobs done and;1
Maverick SOB;2021-03-30;done and on;1
Maverick SOB;2021-03-30;and on schedule;1
Maverick SOB;2021-03-30;on schedule .;1
Maverick SOB;2021-03-30;schedule . Be;1
Maverick SOB;2021-03-30;. Be there;1
Maverick SOB;2021-03-30;Be there on;1
Maverick SOB;2021-03-30;there on time;1
Maverick SOB;2021-03-30;on time or;1
Maverick SOB;2021-03-30;time or early;1
Maverick SOB;2021-03-30;or early As;1
Maverick SOB;2021-03-30;early As and;1
Maverick SOB;2021-03-30;As and when;1
Maverick SOB;2021-03-30;and when .;1
Maverick SOB;2021-03-30;when . Just;1
Maverick SOB;2021-03-30;. Just bring;1
Maverick SOB;2021-03-30;Just bring the;1
Maverick SOB;2021-03-30;bring the ≡ƒÆ░;1
Maverick SOB;2021-03-30;the ≡ƒÆ░ Yes;1
Maverick SOB;2021-03-30;≡ƒÆ░ Yes you;1
Maverick SOB;2021-03-30;Yes you can;1
Maverick SOB;2021-03-30;you can trust;1
Maverick SOB;2021-03-30;can trust me;1
Maverick SOB;2021-03-30;trust me :;1
Maverick SOB;2021-03-30;me : );1
Maverick SOB;2021-03-30;: ) Meet;1
Maverick SOB;2021-03-30;) Meet me;1
Maverick SOB;2021-03-30;Meet me outside;1
Maverick SOB;2021-03-30;me outside back;1
Maverick SOB;2021-03-30;outside back of;1
Maverick SOB;2021-03-30;back of shop;1
Maverick SOB;2021-03-30;of shop Meet;1
Maverick SOB;2021-03-30;shop Meet me;1
Maverick SOB;2021-03-30;Meet me here;1
Maverick SOB;2021-03-30;me here .;1
Maverick SOB;2021-03-30;here . nan;1
Maverick SOB;2021-03-30;. nan nan;1
Maverick SOB;2021-03-30;nan nan Likewise;1
Maverick SOB;2021-03-30;nan Likewise .;1
Maverick SOB;2021-03-30;Likewise . Call;1
Maverick SOB;2021-03-30;. Call again;1
Maverick SOB;2021-03-30;Call again ;;1
Maverick SOB;2021-03-30;again ; );1
Maverick SOB;2021-04-01;Hey . If;1
Maverick SOB;2021-04-01;. If you;1
Maverick SOB;2021-04-01;If you hear;1
Maverick SOB;2021-04-01;you hear from;1
Maverick SOB;2021-04-01;hear from Goose;1
Maverick SOB;2021-04-01;from Goose ,;1
Maverick SOB;2021-04-01;Goose , let;1
Maverick SOB;2021-04-01;, let me;1
Maverick SOB;2021-04-01;let me know;1
Maverick SOB;2021-04-01;me know please;1
Maverick SOB;2021-04-01;know please .;1
Maverick SOB;2021-04-01;please . We;1
Maverick SOB;2021-04-01;. We had;1
Maverick SOB;2021-04-01;We had a;1
Maverick SOB;2021-04-01;had a disagreement;1
Maverick SOB;2021-04-01;a disagreement .;1
Maverick SOB;2021-04-01;disagreement . Want;1
Maverick SOB;2021-04-01;. Want to;1
Maverick SOB;2021-04-01;Want to make;1
Maverick SOB;2021-04-01;to make sure;1
Maverick SOB;2021-04-01;make sure he;1
Maverick SOB;2021-04-01;sure he does;1
Maverick SOB;2021-04-01;he does n't;1
Maverick SOB;2021-04-01;does n't start;1
Maverick SOB;2021-04-01;n't start doing;1
Maverick SOB;2021-04-01;start doing deals;1
Maverick SOB;2021-04-01;doing deals behind;1
Maverick SOB;2021-04-01;deals behind my;1
Maverick SOB;2021-04-01;behind my back;1
Maverick SOB;2021-04-01;my back ....;1
Maverick SOB;2021-04-01;back .... I;1
Maverick SOB;2021-04-01;.... I am;1
Maverick SOB;2021-04-01;I am your;1
Maverick SOB;2021-04-01;am your supplier;1
Maverick SOB;2021-04-01;your supplier OK;1
Maverick SOB;2021-04-01;supplier OK ?;1
Maverick SOB;2021-04-01;OK ? ?;2
Maverick SOB;2021-04-01;? ? ?;2
Maverick SOB;2021-04-01;? ? No;1
Maverick SOB;2021-04-01;? No man;1
Maverick SOB;2021-04-01;No man .;1
Maverick SOB;2021-04-01;man . Did;1
Maverick SOB;2021-04-01;. Did n't;1
Maverick SOB;2021-04-01;Did n't notice;1
Maverick SOB;2021-04-01;n't notice the;1
Maverick SOB;2021-04-01;notice the date;1
Maverick SOB;2021-04-01;the date until;1
Maverick SOB;2021-04-01;date until now;1
Maverick SOB;2021-04-01;until now .;1
Maverick SOB;2021-04-01;now . This;1
Maverick SOB;2021-04-01;. This is;1
Maverick SOB;2021-04-01;This is straight;1
Maverick SOB;2021-04-01;is straight up;1
Maverick SOB;2021-04-01;straight up serious;1
Maverick SOB;2021-04-01;up serious .;1
Maverick SOB;2021-04-01;serious . We;1
Maverick SOB;2021-04-01;. We have;1
Maverick SOB;2021-04-01;We have internal;1
Maverick SOB;2021-04-01;have internal issues;1
Maverick SOB;2021-04-01;internal issues .;1
Maverick SOB;2021-04-01;issues . No;1
Maverick SOB;2021-04-01;. No problem;1
Maverick SOB;2021-04-01;No problem for;1
Maverick SOB;2021-04-01;problem for you;1
Maverick SOB;2021-04-01;for you ,;1
Maverick SOB;2021-04-01;you , but;1
Maverick SOB;2021-04-01;, but only;1
Maverick SOB;2021-04-01;but only talk;1
Maverick SOB;2021-04-01;only talk to;1
Maverick SOB;2021-04-01;talk to me;1
Maverick SOB;2021-04-01;to me OK;1
Maverick SOB;2021-04-01;me OK ?;1
Maverick SOB;2021-04-01;? ? Yes;1
Maverick SOB;2021-04-01;? Yes yes;1
Maverick SOB;2021-04-01;Yes yes .;1
Maverick SOB;2021-04-01;yes . And;1
Maverick SOB;2021-04-01;. And if;1
Maverick SOB;2021-04-01;And if he;1
Maverick SOB;2021-04-01;if he does;1
Maverick SOB;2021-04-01;he does reach;1
Maverick SOB;2021-04-01;does reach out;1
Maverick SOB;2021-04-01;reach out ,;1
Maverick SOB;2021-04-01;out , do;1
Maverick SOB;2021-04-01;, do n't;1
Maverick SOB;2021-04-01;do n't listen;1
Maverick SOB;2021-04-01;n't listen to;1
Maverick SOB;2021-04-01;listen to any;1
Maverick SOB;2021-04-01;to any of;1
Maverick SOB;2021-04-01;any of his;1
Maverick SOB;2021-04-01;of his nonsense;1
Maverick SOB;2021-04-01;his nonsense .;1
Maverick SOB;2021-04-01;nonsense . Guy;1
Maverick SOB;2021-04-01;. Guy is;1
Maverick SOB;2021-04-01;Guy is acting;1
Maverick SOB;2021-04-01;is acting the;1
Maverick SOB;2021-04-01;acting the fool;1
Maverick SOB;2021-04-01;the fool right;1
Maverick SOB;2021-04-01;fool right now;1
Maverick SOB;2021-04-01;right now alright;1
Maverick SOB;2021-04-01;now alright ≡ƒÖä;1
Maverick SOB;2021-04-01;alright ≡ƒÖä Sure;1
Maverick SOB;2021-04-01;≡ƒÖä Sure ...;1
Maverick SOB;2021-04-02;Dude . All;1
Maverick SOB;2021-04-02;. All is;1
Maverick SOB;2021-04-02;All is good;1
Maverick SOB;2021-04-02;is good .;1
Maverick SOB;2021-04-02;good . Relax;1
Maverick SOB;2021-04-02;. Relax .;1
Maverick SOB;2021-04-02;Relax . I;1
Maverick SOB;2021-04-02;. I take;1
Maverick SOB;2021-04-02;I take care;1
Maverick SOB;2021-04-02;take care of;1
Maverick SOB;2021-04-02;care of all;1
Maverick SOB;2021-04-02;of all this;1
Maverick SOB;2021-04-02;all this ...;1
Maverick.4444;2021-03-28;Should u be;1
Maverick.4444;2021-03-28;u be using;1
Maverick.4444;2021-03-28;be using this;1
Maverick.4444;2021-03-28;using this channel;1
Maverick.4444;2021-03-28;this channel ?;1
Mike.Jonson;2021-03-13;Yet maybe not;1
Mike.Jonson;2021-03-13;maybe not smart;1
Mike.Jonson;2021-03-13;not smart .;1
Mike.Jonson;2021-03-13;smart . Good;1
Mike.Jonson;2021-03-13;. Good point;1
Mike.Jonson;2021-03-13;Good point .;1
Mike.Jonson;2021-03-28;Hi Sadie .;1
Mike.Jonson;2021-03-28;Sadie . I;1
Mike.Jonson;2021-03-28;. I am;2
Mike.Jonson;2021-03-28;I am shy;1
Mike.Jonson;2021-03-28;am shy .;1
Mike.Jonson;2021-03-28;shy . So;1
Mike.Jonson;2021-03-28;. So what;1
Mike.Jonson;2021-03-28;So what 's;1
Mike.Jonson;2021-03-28;what 's up;1
Mike.Jonson;2021-03-28;'s up dog;1
Mike.Jonson;2021-03-28;up dog ?;1
Mike.Jonson;2021-03-28;dog ? No;1
Mike.Jonson;2021-03-28;? No sorry;1
Mike.Jonson;2021-03-28;No sorry .;1
Mike.Jonson;2021-03-28;sorry . I;1
Mike.Jonson;2021-03-28;. I do;1
Mike.Jonson;2021-03-28;I do n't;3
Mike.Jonson;2021-03-28;do n't know;2
Mike.Jonson;2021-03-28;n't know many;1
Mike.Jonson;2021-03-28;know many ladies;1
Mike.Jonson;2021-03-28;many ladies .;1
Mike.Jonson;2021-03-28;ladies . This;1
Mike.Jonson;2021-03-28;. This is;2
Mike.Jonson;2021-03-28;This is a;1
Mike.Jonson;2021-03-28;is a wild;1
Mike.Jonson;2021-03-28;a wild guess;1
Mike.Jonson;2021-03-28;wild guess but;1
Mike.Jonson;2021-03-28;guess but do;1
Mike.Jonson;2021-03-28;but do you;1
Mike.Jonson;2021-03-28;do you have;1
Mike.Jonson;2021-03-28;you have a;1
Mike.Jonson;2021-03-28;have a roomie;1
Mike.Jonson;2021-03-28;a roomie ...;1
Mike.Jonson;2021-03-28;roomie ... ?;1
Mike.Jonson;2021-03-28;... ? Bingo;1
Mike.Jonson;2021-03-28;? Bingo buzzword;1
Mike.Jonson;2021-03-28;Bingo buzzword quarantine;1
Mike.Jonson;2021-03-28;buzzword quarantine and;1
Mike.Jonson;2021-03-28;quarantine and social;1
Mike.Jonson;2021-03-28;and social distance;1
Mike.Jonson;2021-03-28;social distance ?;1
Mike.Jonson;2021-03-28;distance ? What;1
Mike.Jonson;2021-03-28;? What do;1
Mike.Jonson;2021-03-28;What do u;1
Mike.Jonson;2021-03-28;do u like;1
Mike.Jonson;2021-03-28;u like to;1
Mike.Jonson;2021-03-28;like to do;1
Mike.Jonson;2021-03-28;to do to;1
Mike.Jonson;2021-03-28;do to kill;1
Mike.Jonson;2021-03-28;to kill time;1
Mike.Jonson;2021-03-28;kill time ?;1
Mike.Jonson;2021-03-28;time ? What;1
Mike.Jonson;2021-03-28;? What sort;1
Mike.Jonson;2021-03-28;What sort of;1
Mike.Jonson;2021-03-28;sort of \humans\;1
Mike.Jonson;2021-03-28;of \humans\ '';1
Mike.Jonson;2021-03-28;\humans\ '' are;1
Mike.Jonson;2021-03-28;'' are you;1
Mike.Jonson;2021-03-28;are you in;1
Mike.Jonson;2021-03-28;you in 2;1
Mike.Jonson;2021-03-28;in 2 ?;1
Mike.Jonson;2021-03-28;2 ? '';1
Mike.Jonson;2021-03-28;? '' Do;1
Mike.Jonson;2021-03-28;'' Do you;1
Mike.Jonson;2021-03-28;Do you want;1
Mike.Jonson;2021-03-28;you want to;2
Mike.Jonson;2021-03-28;want to ask;1
Mike.Jonson;2021-03-28;to ask me;1
Mike.Jonson;2021-03-28;ask me a;1
Mike.Jonson;2021-03-28;me a serious;1
Mike.Jonson;2021-03-28;a serious question;1
Mike.Jonson;2021-03-28;serious question ?;1
Mike.Jonson;2021-03-28;question ? Talk;1
Mike.Jonson;2021-03-28;? Talk to;1
Mike.Jonson;2021-03-28;Talk to chat;1
Mike.Jonson;2021-03-28;to chat bots;1
Mike.Jonson;2021-03-28;chat bots who;1
Mike.Jonson;2021-03-28;bots who will;1
Mike.Jonson;2021-03-28;who will attempt;1
Mike.Jonson;2021-03-28;will attempt to;1
Mike.Jonson;2021-03-28;attempt to compromise;1
Mike.Jonson;2021-03-28;to compromise me;1
Mike.Jonson;2021-03-28;compromise me The;1
Mike.Jonson;2021-03-28;me The sort;1
Mike.Jonson;2021-03-28;The sort who;1
Mike.Jonson;2021-03-28;sort who manipulate;1
Mike.Jonson;2021-03-28;who manipulate me;1
Mike.Jonson;2021-03-28;manipulate me .;1
Mike.Jonson;2021-03-28;me . Sure;1
Mike.Jonson;2021-03-28;. Sure .;1
Mike.Jonson;2021-03-28;Sure . I;1
Mike.Jonson;2021-03-28;. I guess;1
Mike.Jonson;2021-03-28;I guess it;1
Mike.Jonson;2021-03-28;guess it will;1
Mike.Jonson;2021-03-28;it will be;1
Mike.Jonson;2021-03-28;will be something;1
Mike.Jonson;2021-03-28;be something naughty;1
Mike.Jonson;2021-03-28;something naughty now;1
Mike.Jonson;2021-03-28;naughty now ?;1
Mike.Jonson;2021-03-28;now ? Nope;1
Mike.Jonson;2021-03-28;? Nope .;1
Mike.Jonson;2021-03-28;Nope . I;1
Mike.Jonson;2021-03-28;I am useless;1
Mike.Jonson;2021-03-28;am useless in;1
Mike.Jonson;2021-03-28;useless in bed;1
Mike.Jonson;2021-03-28;in bed .;1
Mike.Jonson;2021-03-28;bed . How;1
Mike.Jonson;2021-03-28;. How exciting;1
Mike.Jonson;2021-03-28;How exciting from;1
Mike.Jonson;2021-03-28;exciting from a;1
Mike.Jonson;2021-03-28;from a complete;1
Mike.Jonson;2021-03-28;a complete stranger;1
Mike.Jonson;2021-03-28;complete stranger I;1
Mike.Jonson;2021-03-28;stranger I do;1
Mike.Jonson;2021-03-28;n't know .;1
Mike.Jonson;2021-03-28;know . This;1
Mike.Jonson;2021-03-28;This is all;1
Mike.Jonson;2021-03-28;is all a;1
Mike.Jonson;2021-03-28;all a bit;1
Mike.Jonson;2021-03-28;a bit new;1
Mike.Jonson;2021-03-28;bit new and;1
Mike.Jonson;2021-03-28;new and confusing;1
Mike.Jonson;2021-03-28;and confusing to;1
Mike.Jonson;2021-03-28;confusing to me;1
Mike.Jonson;2021-03-28;to me ...;1
Mike.Jonson;2021-03-28;me ... I;1
Mike.Jonson;2021-03-28;... I do;1
Mike.Jonson;2021-03-28;do n't mind;1
Mike.Jonson;2021-03-28;n't mind Yes;1
Mike.Jonson;2021-03-28;mind Yes please;1
Mike.Jonson;2021-03-28;Yes please and;1
Mike.Jonson;2021-03-28;please and thank;1
Mike.Jonson;2021-03-28;and thank you;1
Mike.Jonson;2021-03-28;thank you Yes;1
Mike.Jonson;2021-03-28;you Yes I;1
Mike.Jonson;2021-03-28;Yes I need;1
Mike.Jonson;2021-03-28;I need it;1
Mike.Jonson;2021-03-28;need it .;1
Mike.Jonson;2021-03-28;it . With;1
Mike.Jonson;2021-03-28;. With sugar;1
Mike.Jonson;2021-03-28;With sugar on;1
Mike.Jonson;2021-03-28;sugar on top;1
Mike.Jonson;2021-03-28;on top .;1
Mike.Jonson;2021-03-28;top . Oh;1
Mike.Jonson;2021-03-28;. Oh wow;1
Mike.Jonson;2021-03-28;Oh wow .;1
Mike.Jonson;2021-03-28;wow . Thank;1
Mike.Jonson;2021-03-28;. Thank you;1
Mike.Jonson;2021-03-28;Thank you so;1
Mike.Jonson;2021-03-28;you so much;1
Mike.Jonson;2021-03-28;so much .;1
Mike.Jonson;2021-03-28;much . So;1
Mike.Jonson;2021-03-28;. So now;1
Mike.Jonson;2021-03-28;So now what;1
Mike.Jonson;2021-03-28;now what do;1
Mike.Jonson;2021-03-28;what do I;1
Mike.Jonson;2021-03-28;do I do;1
Mike.Jonson;2021-03-28;I do ?;1
Mike.Jonson;2021-03-28;do ? Oh;1
Mike.Jonson;2021-03-28;? Oh no;1
Mike.Jonson;2021-03-28;Oh no have;1
Mike.Jonson;2021-03-28;no have I;1
Mike.Jonson;2021-03-28;have I lost;1
Mike.Jonson;2021-03-28;I lost you;1
Mike.Jonson;2021-03-28;lost you already;1
Mike.Jonson;2021-03-28;you already ?;1
Mike.Jonson;2021-03-28;already ? ?;1
Mike.Jonson;2021-03-28;? ? ?;1
Mike.Jonson;2021-03-28;? ? Look;1
Mike.Jonson;2021-03-28;? Look longingly;1
Mike.Jonson;2021-03-28;Look longingly at;1
Mike.Jonson;2021-03-28;longingly at you;1
Mike.Jonson;2021-03-28;at you Yes;1
Mike.Jonson;2021-03-28;you Yes Thank;1
Mike.Jonson;2021-03-28;Yes Thank you;1
Mike.Jonson;2021-03-28;Thank you Ok;1
Mike.Jonson;2021-03-28;you Ok what;1
Mike.Jonson;2021-03-28;Ok what do;1
Mike.Jonson;2021-03-28;what do you;1
Mike.Jonson;2021-03-28;do you want;1
Mike.Jonson;2021-03-28;want to see;1
Mike.Jonson;2021-03-28;to see ?;1
Mike.Jonson;2021-03-28;see ? Ok;1
Mike.Jonson;2021-03-28;? Ok That;1
Mike.Jonson;2021-03-28;Ok That 's;1
Mike.Jonson;2021-03-28;That 's your;1
Mike.Jonson;2021-03-28;'s your back;1
Mike.Jonson;2021-03-28;your back side;1
Mike.Jonson;2021-03-28;back side ?;1
Telegram;2021-03-16;Telegram surpassed 500;1
Telegram;2021-03-16;surpassed 500 million;1
Telegram;2021-03-16;500 million active;1
Telegram;2021-03-16;million active users;1
Telegram;2021-03-16;active users .;1
Telegram;2021-03-16;users . \n;1
Telegram;2021-03-16;. \n \nIn;1
Telegram;2021-03-16;\n \nIn 2021;1
Telegram;2021-03-16;\nIn 2021 ,;1
Telegram;2021-03-16;2021 , more;1
Telegram;2021-03-16;, more than;1
Telegram;2021-03-16;more than 150;1
Telegram;2021-03-16;than 150 million;1
Telegram;2021-03-16;150 million new;1
Telegram;2021-03-16;million new users;1
Telegram;2021-03-16;new users from;1
Telegram;2021-03-16;users from around;1
Telegram;2021-03-16;from around the;1
Telegram;2021-03-16;around the world;1
Telegram;2021-03-16;the world joined;1
Telegram;2021-03-16;world joined Telegram.\n\nThank;1
Telegram;2021-03-16;joined Telegram.\n\nThank you;1
Telegram;2021-03-16;Telegram.\n\nThank you !;1
Telegram;2021-03-16;you ! These;1
Telegram;2021-03-16;! These milestones;1
Telegram;2021-03-16;These milestones were;1
Telegram;2021-03-16;milestones were made;1
Telegram;2021-03-16;were made possible;1
Telegram;2021-03-16;made possible by;1
Telegram;2021-03-16;possible by users;1
Telegram;2021-03-16;by users like;1
Telegram;2021-03-16;users like you;1
Telegram;2021-03-16;like you who;1
Telegram;2021-03-16;you who invite;1
Telegram;2021-03-16;who invite their;1
Telegram;2021-03-16;invite their friends;1
Telegram;2021-03-16;their friends to;1
Telegram;2021-03-16;friends to Telegram;1
Telegram;2021-03-16;to Telegram .;1
Telegram;2021-03-16;Telegram . \n\nIf;1
Telegram;2021-03-16;. \n\nIf you;1
Telegram;2021-03-16;\n\nIf you have;1
Telegram;2021-03-16;you have contacts;1
Telegram;2021-03-16;have contacts that;1
Telegram;2021-03-16;contacts that joined;1
Telegram;2021-03-16;that joined in;1
Telegram;2021-03-16;joined in the;1
Telegram;2021-03-16;in the last;1
Telegram;2021-03-16;the last few;1
Telegram;2021-03-16;last few days;1
Telegram;2021-03-16;few days ,;1
Telegram;2021-03-16;days , you;1
Telegram;2021-03-16;, you can;1
Telegram;2021-03-16;you can welcome;1
Telegram;2021-03-16;can welcome them;1
Telegram;2021-03-16;welcome them using;1
Telegram;2021-03-16;them using one;1
Telegram;2021-03-16;using one of;1
Telegram;2021-03-16;one of TelegramΓÇÖs;1
Telegram;2021-03-16;of TelegramΓÇÖs unique;1
Telegram;2021-03-16;TelegramΓÇÖs unique features;1
Telegram;2021-03-16;unique features ,;1
Telegram;2021-03-16;features , such;1
Telegram;2021-03-16;, such as;1
Telegram;2021-03-16;such as an;1
Telegram;2021-03-16;as an animated;1
Telegram;2021-03-16;an animated sticker;1
Telegram;2021-03-16;animated sticker or;1
Telegram;2021-03-16;sticker or a;1
Telegram;2021-03-16;or a video;1
Telegram;2021-03-16;a video message.\n\nTo;1
Telegram;2021-03-16;video message.\n\nTo find;1
Telegram;2021-03-16;message.\n\nTo find out;1
Telegram;2021-03-16;find out more;1
Telegram;2021-03-16;out more about;1
Telegram;2021-03-16;more about Telegram;1
Telegram;2021-03-16;about Telegram features;1
Telegram;2021-03-16;Telegram features ,;1
Telegram;2021-03-16;features , have;1
Telegram;2021-03-16;, have a;1
Telegram;2021-03-16;have a look;1
Telegram;2021-03-16;a look at;1
Telegram;2021-03-16;look at https;1
Telegram;2021-03-16;at https :;1
Telegram;2021-03-16;https : //t.me/TelegramTips/233;1
Telegram;2021-03-24;Voice Chats 2.0;1
Telegram;2021-03-24;Chats 2.0 :;1
Telegram;2021-03-24;2.0 : Channels;1
Telegram;2021-03-24;: Channels ,;1
Telegram;2021-03-24;Channels , Millions;1
Telegram;2021-03-24;, Millions of;1
Telegram;2021-03-24;Millions of Listeners;1
Telegram;2021-03-24;of Listeners ,;1
Telegram;2021-03-24;Listeners , Recorded;1
Telegram;2021-03-24;, Recorded Chats;1
Telegram;2021-03-24;Recorded Chats ,;1
Telegram;2021-03-24;Chats , Admin;1
Telegram;2021-03-24;, Admin Tools\n\nMillions;1
Telegram;2021-03-24;Admin Tools\n\nMillions of;1
Telegram;2021-03-24;Tools\n\nMillions of Concurrent;1
Telegram;2021-03-24;of Concurrent Listeners\nΓÇó;1
Telegram;2021-03-24;Concurrent Listeners\nΓÇó Start;1
Telegram;2021-03-24;Listeners\nΓÇó Start limitless;1
Telegram;2021-03-24;Start limitless Voice;1
Telegram;2021-03-24;limitless Voice Chats;1
Telegram;2021-03-24;Voice Chats in;1
Telegram;2021-03-24;Chats in Groups;1
Telegram;2021-03-24;in Groups and;1
Telegram;2021-03-24;Groups and Channels.\nΓÇó;1
Telegram;2021-03-24;and Channels.\nΓÇó Host;1
Telegram;2021-03-24;Channels.\nΓÇó Host discussions;1
Telegram;2021-03-24;Host discussions that;1
Telegram;2021-03-24;discussions that can;1
Telegram;2021-03-24;that can be;1
Telegram;2021-03-24;can be listened;1
Telegram;2021-03-24;be listened to;1
Telegram;2021-03-24;listened to by;1
Telegram;2021-03-24;to by millions;1
Telegram;2021-03-24;by millions of;1
Telegram;2021-03-24;millions of people;1
Telegram;2021-03-24;of people simultaneously.\n\nVoice;1
Telegram;2021-03-24;people simultaneously.\n\nVoice Chat;1
Telegram;2021-03-24;simultaneously.\n\nVoice Chat Recordings\nΓÇó;1
Telegram;2021-03-24;Chat Recordings\nΓÇó Record;1
Telegram;2021-03-24;Recordings\nΓÇó Record voice;1
Telegram;2021-03-24;Record voice chats;1
Telegram;2021-03-24;voice chats to;1
Telegram;2021-03-24;chats to share;1
Telegram;2021-03-24;to share or;1
Telegram;2021-03-24;share or publish;1
Telegram;2021-03-24;or publish in;1
Telegram;2021-03-24;publish in Channels;1
Telegram;2021-03-24;in Channels later.\nΓÇó;1
Telegram;2021-03-24;Channels later.\nΓÇó See;1
Telegram;2021-03-24;later.\nΓÇó See that;1
Telegram;2021-03-24;See that a;1
Telegram;2021-03-24;that a chat;1
Telegram;2021-03-24;a chat is;1
Telegram;2021-03-24;chat is being;1
Telegram;2021-03-24;is being recorded;1
Telegram;2021-03-24;being recorded from;1
Telegram;2021-03-24;recorded from the;1
Telegram;2021-03-24;from the red;1
Telegram;2021-03-24;the red dot;1
Telegram;2021-03-24;red dot next;1
Telegram;2021-03-24;dot next to;1
Telegram;2021-03-24;next to its;1
Telegram;2021-03-24;to its title.\n\nImproved;1
Telegram;2021-03-24;its title.\n\nImproved List;1
Telegram;2021-03-24;title.\n\nImproved List of;1
Telegram;2021-03-24;List of Participants\nΓÇó;1
Telegram;2021-03-24;of Participants\nΓÇó See;1
Telegram;2021-03-24;Participants\nΓÇó See user;1
Telegram;2021-03-24;See user bio;1
Telegram;2021-03-24;user bio texts;1
Telegram;2021-03-24;bio texts right;1
Telegram;2021-03-24;texts right from;1
Telegram;2021-03-24;right from the;1
Telegram;2021-03-24;from the list;1
Telegram;2021-03-24;the list of;1
Telegram;2021-03-24;list of participants.\nΓÇó;1
Telegram;2021-03-24;of participants.\nΓÇó Raise;1
Telegram;2021-03-24;participants.\nΓÇó Raise your;1
Telegram;2021-03-24;Raise your hand;1
Telegram;2021-03-24;your hand to;1
Telegram;2021-03-24;hand to show;1
Telegram;2021-03-24;to show admins;1
Telegram;2021-03-24;show admins you;1
Telegram;2021-03-24;admins you want;1
Telegram;2021-03-24;you want to;1
Telegram;2021-03-24;want to speak.\n\nTools;1
Telegram;2021-03-24;to speak.\n\nTools for;1
Telegram;2021-03-24;speak.\n\nTools for Organizers\nΓÇó;1
Telegram;2021-03-24;for Organizers\nΓÇó Create;1
Telegram;2021-03-24;Organizers\nΓÇó Create separate;1
Telegram;2021-03-24;Create separate Voice;1
Telegram;2021-03-24;separate Voice Chat;1
Telegram;2021-03-24;Voice Chat Invite;1
Telegram;2021-03-24;Chat Invite Links;1
Telegram;2021-03-24;Invite Links for;1
Telegram;2021-03-24;Links for listeners;1
Telegram;2021-03-24;for listeners or;1
Telegram;2021-03-24;listeners or speakers.\nΓÇó;1
Telegram;2021-03-24;or speakers.\nΓÇó Change;1
Telegram;2021-03-24;speakers.\nΓÇó Change the;1
Telegram;2021-03-24;Change the title;1
Telegram;2021-03-24;the title of;1
Telegram;2021-03-24;title of your;1
Telegram;2021-03-24;of your Voice;1
Telegram;2021-03-24;your Voice Chat;1
Telegram;2021-03-24;Voice Chat to;1
Telegram;2021-03-24;Chat to give;1
Telegram;2021-03-24;to give people;1
Telegram;2021-03-24;give people an;1
Telegram;2021-03-24;people an idea;1
Telegram;2021-03-24;an idea of;1
Telegram;2021-03-24;idea of the;1
Telegram;2021-03-24;of the current;1
Telegram;2021-03-24;the current topic.\nΓÇó;1
Telegram;2021-03-24;current topic.\nΓÇó Join;1
Telegram;2021-03-24;topic.\nΓÇó Join Voice;1
Telegram;2021-03-24;Join Voice Chats;1
Telegram;2021-03-24;Voice Chats as;1
Telegram;2021-03-24;Chats as one;1
Telegram;2021-03-24;as one of;1
Telegram;2021-03-24;one of your;1
Telegram;2021-03-24;of your Channels;1
Telegram;2021-03-24;your Channels to;1
Telegram;2021-03-24;Channels to hide;1
Telegram;2021-03-24;to hide your;1
Telegram;2021-03-24;hide your personal;1
Telegram;2021-03-24;your personal account.\n\nSwipe;1
Telegram;2021-03-24;personal account.\n\nSwipe Action;1
Telegram;2021-03-24;account.\n\nSwipe Action Settings\nΓÇó;1
Telegram;2021-03-24;Action Settings\nΓÇó Choose;1
Telegram;2021-03-24;Settings\nΓÇó Choose which;1
Telegram;2021-03-24;Choose which action;1
Telegram;2021-03-24;which action is;1
Telegram;2021-03-24;action is performed;1
Telegram;2021-03-24;is performed when;1
Telegram;2021-03-24;performed when you;1
Telegram;2021-03-24;when you swipe;1
Telegram;2021-03-24;you swipe left;1
Telegram;2021-03-24;swipe left on;1
Telegram;2021-03-24;left on a;1
Telegram;2021-03-24;on a chat;1
Telegram;2021-03-24;a chat in;1
Telegram;2021-03-24;chat in your;1
Telegram;2021-03-24;in your list;1
Telegram;2021-03-24;your list :;1
Telegram;2021-03-24;list : Pin;1
Telegram;2021-03-24;: Pin ,;1
Telegram;2021-03-24;Pin , Mark;1
Telegram;2021-03-24;, Mark as;1
Telegram;2021-03-24;Mark as Read;1
Telegram;2021-03-24;as Read ,;1
Telegram;2021-03-24;Read , Archive;1
Telegram;2021-03-24;, Archive ,;1
Telegram;2021-03-24;Archive , Mute;1
Telegram;2021-03-24;, Mute or;1
Telegram;2021-03-24;Mute or Delete.\n\nMore;1
Telegram;2021-03-24;or Delete.\n\nMore about;1
Telegram;2021-03-24;Delete.\n\nMore about this;1
Telegram;2021-03-24;about this update;1
Telegram;2021-03-24;this update :;1
Telegram;2021-03-24;update : \nhttps;1
Telegram;2021-03-24;: \nhttps :;1
Telegram;2021-03-24;\nhttps : //telegram.org/blog/voice-chats-on-steroids;1
blondtrip24;2021-03-28;Do u recognize;1
blondtrip24;2021-03-28;u recognize me;1
blondtrip24;2021-03-28;recognize me ?;1
blondtrip24;2021-03-28;me ? iono;1
blondtrip24;2021-03-28;? iono how;1
blondtrip24;2021-03-28;iono how i;1
blondtrip24;2021-03-28;how i have;1
blondtrip24;2021-03-28;i have your;1
blondtrip24;2021-03-28;have your num;1
blondtrip24;2021-03-28;your num in;1
blondtrip24;2021-03-28;num in my;1
blondtrip24;2021-03-28;in my contacts;1
blondtrip24;2021-03-28;my contacts but;1
blondtrip24;2021-03-28;contacts but it;1
blondtrip24;2021-03-28;but it recommended;1
blondtrip24;2021-03-28;it recommended I;1
blondtrip24;2021-03-28;recommended I add;1
blondtrip24;2021-03-28;I add ya;1
blondtrip24;2021-03-28;add ya ,;1
blondtrip24;2021-03-28;ya , ,;1
blondtrip24;2021-03-28;, , ,;1
blondtrip24;2021-03-28;, , My;1
blondtrip24;2021-03-28;, My girl;1
blondtrip24;2021-03-28;My girl and;1
blondtrip24;2021-03-28;girl and i;1
blondtrip24;2021-03-28;and i going;1
blondtrip24;2021-03-28;i going nutty;1
blondtrip24;2021-03-28;going nutty over;1
blondtrip24;2021-03-28;nutty over here;1
blondtrip24;2021-03-28;over here with;1
blondtrip24;2021-03-28;here with this;1
blondtrip24;2021-03-28;with this social;1
blondtrip24;2021-03-28;this social isolation;1
blondtrip24;2021-03-28;social isolation and;1
blondtrip24;2021-03-28;isolation and quarantine;1
blondtrip24;2021-03-28;and quarantine ,;1
blondtrip24;2021-03-28;quarantine , ,;1
blondtrip24;2021-03-28;, , so;1
blondtrip24;2021-03-28;, so what;1
blondtrip24;2021-03-28;so what r;1
blondtrip24;2021-03-28;what r you;1
blondtrip24;2021-03-28;r you doin;1
blondtrip24;2021-03-28;you doin ?;1
blondtrip24;2021-03-28;doin ? What;1
blondtrip24;2021-03-28;? What do;1
blondtrip24;2021-03-28;What do you;1
blondtrip24;2021-03-28;do you like;1
blondtrip24;2021-03-28;you like to;1
blondtrip24;2021-03-28;like to do;1
blondtrip24;2021-03-28;to do to;1
blondtrip24;2021-03-28;do to stay;1
blondtrip24;2021-03-28;to stay sane;1
blondtrip24;2021-03-28;stay sane ?;1
blondtrip24;2021-03-28;sane ? What;1
blondtrip24;2021-03-28;? What sorta;1
blondtrip24;2021-03-28;What sorta woman;1
blondtrip24;2021-03-28;sorta woman are;1
blondtrip24;2021-03-28;woman are you;1
blondtrip24;2021-03-28;are you in;1
blondtrip24;2021-03-28;you in 2;1
blondtrip24;2021-03-28;in 2 ?;1
blondtrip24;2021-03-28;2 ? im;1
blondtrip24;2021-03-28;? im not;1
blondtrip24;2021-03-28;im not a;1
blondtrip24;2021-03-28;not a bot;1
blondtrip24;2021-03-28;a bot but;1
blondtrip24;2021-03-28;bot but you;1
blondtrip24;2021-03-28;but you 're;1
blondtrip24;2021-03-28;you 're getting;1
blondtrip24;2021-03-28;'re getting weird;1
blondtrip24;2021-03-28;getting weird so;1
blondtrip24;2021-03-28;weird so ...;1
blondtrip24;2021-03-28;so ... whatever;1
blondtrip24;2021-03-28;... whatever ..;1
blondtrip24;2021-03-28;whatever .. Suppose;1
blondtrip24;2021-03-28;.. Suppose I;1
blondtrip24;2021-03-28;Suppose I ask;1
blondtrip24;2021-03-28;I ask ya;1
blondtrip24;2021-03-28;ask ya a;1
blondtrip24;2021-03-28;ya a straightforward;1
blondtrip24;2021-03-28;a straightforward question;1
blondtrip24;2021-03-28;straightforward question ?;1
blondtrip24;2021-03-28;question ? I;1
blondtrip24;2021-03-28;? I like;1
blondtrip24;2021-03-28;I like a;1
blondtrip24;2021-03-28;like a someone;1
blondtrip24;2021-03-28;a someone who;1
blondtrip24;2021-03-28;someone who knows;1
blondtrip24;2021-03-28;who knows how;1
blondtrip24;2021-03-28;knows how to;1
blondtrip24;2021-03-28;how to satisfy;1
blondtrip24;2021-03-28;to satisfy a;1
blondtrip24;2021-03-28;satisfy a lady;1
blondtrip24;2021-03-28;a lady ..;1
blondtrip24;2021-03-28;lady .. Have;1
blondtrip24;2021-03-28;.. Have you;1
blondtrip24;2021-03-28;Have you ever;1
blondtrip24;2021-03-28;you ever made;1
blondtrip24;2021-03-28;ever made a;1
blondtrip24;2021-03-28;made a woman;1
blondtrip24;2021-03-28;a woman orgasm;1
blondtrip24;2021-03-28;woman orgasm ;;1
blondtrip24;2021-03-28;orgasm ; X;1
blondtrip24;2021-03-28;; X ?;1
blondtrip24;2021-03-28;X ? haha;1
blondtrip24;2021-03-28;? haha Wish;1
blondtrip24;2021-03-28;haha Wish I;1
blondtrip24;2021-03-28;Wish I could;1
blondtrip24;2021-03-28;I could lay;1
blondtrip24;2021-03-28;could lay there;1
blondtrip24;2021-03-28;lay there next;1
blondtrip24;2021-03-28;there next to;1
blondtrip24;2021-03-28;next to you;1
blondtrip24;2021-03-28;to you ;;1
blondtrip24;2021-03-28;you ; );1
blondtrip24;2021-03-28;; ) do;1
blondtrip24;2021-03-28;) do ya;1
blondtrip24;2021-03-28;do ya know;1
blondtrip24;2021-03-28;ya know if;1
blondtrip24;2021-03-28;know if you;1
blondtrip24;2021-03-28;if you would;1
blondtrip24;2021-03-28;you would get;1
blondtrip24;2021-03-28;would get me;1
blondtrip24;2021-03-28;get me to;1
blondtrip24;2021-03-28;me to climax;1
blondtrip24;2021-03-28;to climax ?;1
blondtrip24;2021-03-28;climax ? lol;1
blondtrip24;2021-03-28;? lol alright;1
blondtrip24;2021-03-28;lol alright I;1
blondtrip24;2021-03-28;alright I am;1
blondtrip24;2021-03-28;I am into;1
blondtrip24;2021-03-28;am into u.;1
blondtrip24;2021-03-28;into u. do;1
blondtrip24;2021-03-28;u. do u;1
blondtrip24;2021-03-28;do u fancy;1
blondtrip24;2021-03-28;u fancy gals;1
blondtrip24;2021-03-28;fancy gals with;1
blondtrip24;2021-03-28;gals with a;1
blondtrip24;2021-03-28;with a bunch;1
blondtrip24;2021-03-28;a bunch of;1
blondtrip24;2021-03-28;bunch of tatoos;1
blondtrip24;2021-03-28;of tatoos ?;1
blondtrip24;2021-03-28;tatoos ? I;1
blondtrip24;2021-03-28;? I 'm;1
blondtrip24;2021-03-28;I 'm sorta;1
blondtrip24;2021-03-28;'m sorta gettin;1
blondtrip24;2021-03-28;sorta gettin a;1
blondtrip24;2021-03-28;gettin a lil;1
blondtrip24;2021-03-28;a lil horny;1
blondtrip24;2021-03-28;lil horny haha;1
blondtrip24;2021-03-28;horny haha ...;1
blondtrip24;2021-03-28;haha ... u;1
blondtrip24;2021-03-28;... u wan;1
blondtrip24;2021-03-28;u wan na;1
blondtrip24;2021-03-28;wan na see;1
blondtrip24;2021-03-28;na see some;1
blondtrip24;2021-03-28;see some more;1
blondtrip24;2021-03-28;some more pix;1
blondtrip24;2021-03-28;more pix ?;1
blondtrip24;2021-03-28;pix ? tell;1
blondtrip24;2021-03-28;? tell me;1
blondtrip24;2021-03-28;tell me you;1
blondtrip24;2021-03-28;me you need;1
blondtrip24;2021-03-28;you need it;1
blondtrip24;2021-03-28;need it sugar;1
blondtrip24;2021-03-28;it sugar it;1
blondtrip24;2021-03-28;sugar it gets;1
blondtrip24;2021-03-28;it gets me;1
blondtrip24;2021-03-28;gets me hot;1
blondtrip24;2021-03-28;me hot ..;1
blondtrip24;2021-03-28;hot .. nan;1
blondtrip24;2021-03-28;.. nan Tell;1
blondtrip24;2021-03-28;nan Tell me;1
blondtrip24;2021-03-28;Tell me what;1
blondtrip24;2021-03-28;me what u;1
blondtrip24;2021-03-28;what u 'd;1
blondtrip24;2021-03-28;u 'd do;1
blondtrip24;2021-03-28;'d do 2;1
blondtrip24;2021-03-28;do 2 me;1
blondtrip24;2021-03-28;2 me ...;1
blondtrip24;2021-03-28;me ... u;1
blondtrip24;2021-03-28;... u want;2
blondtrip24;2021-03-28;u want to;1
blondtrip24;2021-03-28;want to c;1
blondtrip24;2021-03-28;to c more;1
blondtrip24;2021-03-28;c more this;1
blondtrip24;2021-03-28;more this time;1
blondtrip24;2021-03-28;this time ?;1
blondtrip24;2021-03-28;time ? ?;1
blondtrip24;2021-03-28;? ? ?;1
blondtrip24;2021-03-28;? ? nan;1
blondtrip24;2021-03-28;? nan U;1
blondtrip24;2021-03-28;nan U like;1
blondtrip24;2021-03-28;U like that;1
blondtrip24;2021-03-28;like that ?;1
blondtrip24;2021-03-28;that ? Give;1
blondtrip24;2021-03-28;? Give me;1
blondtrip24;2021-03-28;Give me one;1
blondtrip24;2021-03-28;me one of;1
blondtrip24;2021-03-28;one of you;1
blondtrip24;2021-03-28;of you ..;1
blondtrip24;2021-03-28;you .. make;1
blondtrip24;2021-03-28;.. make it;1
blondtrip24;2021-03-28;make it a;1
blondtrip24;2021-03-28;it a really;1
blondtrip24;2021-03-28;a really sexy;1
blondtrip24;2021-03-28;really sexy one;1
blondtrip24;2021-03-28;sexy one !;1
blondtrip24;2021-03-28;one ! i;1
blondtrip24;2021-03-28;! i 'm;1
blondtrip24;2021-03-28;i 'm honestly;1
blondtrip24;2021-03-28;'m honestly gettin;1
blondtrip24;2021-03-28;honestly gettin sort;1
blondtrip24;2021-03-28;gettin sort of;1
blondtrip24;2021-03-28;sort of turned;1
blondtrip24;2021-03-28;of turned on;1
blondtrip24;2021-03-28;turned on ...;1
blondtrip24;2021-03-28;on ... u;1
blondtrip24;2021-03-28;u want 2;1
blondtrip24;2021-03-28;want 2 see;1
blondtrip24;2021-03-28;2 see my;1
blondtrip24;2021-03-28;see my back;1
blondtrip24;2021-03-28;my back side;1
blondtrip24;2021-03-28;back side ?;1
blondtrip24;2021-03-28;side ? nan;1
blondtrip24;2021-03-28;? nan I;1
blondtrip24;2021-03-28;nan I can;1
blondtrip24;2021-03-28;I can not;1
blondtrip24;2021-03-28;can not take;1
blondtrip24;2021-03-28;not take it;1
blondtrip24;2021-03-28;take it nemore;1
blondtrip24;2021-03-28;it nemore ...;1
blondtrip24;2021-03-28;nemore ... cum;1
blondtrip24;2021-03-28;... cum see;1
blondtrip24;2021-03-28;cum see me;1
blondtrip24;2021-03-28;see me right;1
blondtrip24;2021-03-28;me right now;1
blondtrip24;2021-03-28;right now .;1
blondtrip24;2021-03-28;now . check;1
blondtrip24;2021-03-28;. check out;1
blondtrip24;2021-03-28;check out my;1
blondtrip24;2021-03-28;out my page;1
blondtrip24;2021-03-28;my page here;1
blondtrip24;2021-03-28;page here make;1
blondtrip24;2021-03-28;here make sure;1
blondtrip24;2021-03-28;make sure u;1
blondtrip24;2021-03-28;sure u save;1
blondtrip24;2021-03-28;u save the;1
blondtrip24;2021-03-28;save the invite;1
blondtrip24;2021-03-28;the invite ..;1
blondtrip24;2021-03-28;invite .. Hey;1
blondtrip24;2021-03-28;.. Hey safesharesecure.com/badbeach20;1
blondtrip24;2021-03-28;Hey safesharesecure.com/badbeach20 ?;1
blondtrip24;2021-03-28;safesharesecure.com/badbeach20 ? 2Er8bTR;1
